ciudad_anfitriona,anno,pais_anfitrion,fase,artista,cancion,pais_artista,orden,puntos,ranking,finalista,ganadora
Turin,2022,Italy,first-semi-final,Kalush Orchestra,Stefania,Ukraine,6,337,1,Yes,Yes
Turin,2022,Italy,first-semi-final,S10,De Diepte,Netherlands,8,221,2,Yes,No
Turin,2022,Italy,first-semi-final,Amanda Georgiadi Tenfjord,Die Together,Greece,15,211,3,Yes,No
Turin,2022,Italy,first-semi-final,MARO,"Saudade, Saudade",Portugal,10,208,4,Yes,No
Turin,2022,Italy,first-semi-final,Intelligent Music Project,Intention,Bulgaria,7,29,16,No,No
Turin,2022,Italy,first-semi-final,LPS,Disko,Slovenia,5,15,17,No,No
Turin,2022,Italy,first-semi-final,Rosa Linn,Snap,Armenia,17,187,5,Yes,No
Turin,2022,Italy,first-semi-final,Subwoolfer,Give That Wolf A Banana,Norway,16,177,6,Yes,No
Turin,2022,Italy,first-semi-final,Monika Liu,Sentimentai,Lithuania,3,159,7,Yes,No
Turin,2022,Italy,first-semi-final,Zdob şi Zdub & Advahov Brothers,Trenulețul,Moldova,9,154,8,Yes,No
Turin,2022,Italy,first-semi-final,Marius Bear,Boys Do Cry,Switzerland,4,118,9,Yes,No
Turin,2022,Italy,first-semi-final,Systur,Með Hækkandi Sól,Iceland,14,103,10,Yes,No
Turin,2022,Italy,first-semi-final,Mia Dimšić,Guilty Pleasure,Croatia,11,75,11,No,No
Turin,2022,Italy,first-semi-final,Ronela Hajati,Sekret,Albania,1,58,12,No,No
Turin,2022,Italy,first-semi-final,REDDI,The Show,Denmark,12,55,13,No,No
Turin,2022,Italy,first-semi-final,Citi Zēni,Eat Your Salad,Latvia,2,55,14,No,No
Turin,2022,Italy,first-semi-final,LUM!X feat. Pia Maria,Halo,Austria,13,42,15,No,No
Turin,2022,Italy,second-semi-final,Cornelia Jakobs,Hold Me Closer,Sweden,17,396,1,Yes,Yes
Turin,2022,Italy,second-semi-final,Sheldon Riley,Not The Same,Australia,8,243,2,Yes,No
Turin,2022,Italy,second-semi-final,Konstrakta,In Corpore Sano,Serbia,3,237,3,Yes,No
Turin,2022,Italy,second-semi-final,We Are Domi,Lights Off,Czech Republic,18,227,4,Yes,No
Turin,2022,Italy,second-semi-final,Stefan,Hope,Estonia,12,209,5,Yes,No
Turin,2022,Italy,second-semi-final,The Rasmus,Jezebel,Finland,1,162,7,Yes,No
Turin,2022,Italy,second-semi-final,Jérémie Makiese,Miss You,Belgium,16,151,8,Yes,No
Turin,2022,Italy,second-semi-final,Nadir Rustamli,Fade To Black,Azerbaijan,4,96,10,Yes,No
Turin,2022,Italy,second-semi-final,Andromache,Ela,Cyprus,9,63,12,No,No
Turin,2022,Italy,second-semi-final,Achille Lauro,Stripper,San Marino,7,50,14,No,No
Turin,2022,Italy,second-semi-final,Emma Muscat,I Am What I Am,Malta,6,47,16,No,No
Turin,2022,Italy,second-semi-final,Ochman,River,Poland,14,198,6,Yes,No
Turin,2022,Italy,second-semi-final,WRS,Llámame,Romania,13,118,9,Yes,No
Turin,2022,Italy,second-semi-final,Andrea,Circles,North Macedonia,11,76,11,No,No
Turin,2022,Italy,second-semi-final,Michael Ben David,I.M,Israel,2,61,13,No,No
Turin,2022,Italy,second-semi-final,Brooke,That's Rich,Ireland,10,47,15,No,No
Turin,2022,Italy,second-semi-final,Vladana,Breathe,Montenegro,15,33,17,No,No
Turin,2022,Italy,second-semi-final,Circus Mircus,Lock Me In,Georgia,5,22,18,No,No
Turin,2022,Italy,grand-final,Sam Ryder,SPACE MAN,United Kingdom,22,466,2,No,No
Turin,2022,Italy,grand-final,Chanel,SloMo,Spain,10,459,3,No,No
Turin,2022,Italy,grand-final,Mahmood & BLANCO,Brividi,Italy,9,268,6,No,No
Turin,2022,Italy,grand-final,Alvan & Ahez,Fulenn,France,6,17,24,No,No
Turin,2022,Italy,grand-final,Malik Harris,Rockstars,Germany,13,6,25,No,No
Turin,2022,Italy,grand-final,Kalush Orchestra,Stefania,Ukraine,12,631,1,No,Yes
Turin,2022,Italy,grand-final,S10,De Diepte,Netherlands,11,171,11,No,No
Turin,2022,Italy,grand-final,Ochman,River,Poland,23,151,12,No,No
Turin,2022,Italy,grand-final,Stefan,Hope,Estonia,25,141,13,No,No
Turin,2022,Italy,grand-final,Monika Liu,Sentimentai,Lithuania,14,128,14,No,No
Turin,2022,Italy,grand-final,Sheldon Riley,Not The Same,Australia,21,125,15,No,No
Turin,2022,Italy,grand-final,Nadir Rustamli,Fade To Black,Azerbaijan,15,106,16,No,No
Turin,2022,Italy,grand-final,Marius Bear,Boys Do Cry,Switzerland,5,78,17,No,No
Turin,2022,Italy,grand-final,WRS,Llámame,Romania,2,65,18,No,No
Turin,2022,Italy,grand-final,Jérémie Makiese,Miss You,Belgium,16,64,19,No,No
Turin,2022,Italy,grand-final,Cornelia Jakobs,Hold Me Closer,Sweden,20,438,4,No,No
Turin,2022,Italy,grand-final,Konstrakta,In Corpore Sano,Serbia,24,312,5,No,No
Turin,2022,Italy,grand-final,Zdob şi Zdub & Advahov Brothers,Trenulețul,Moldova,19,253,7,No,No
Turin,2022,Italy,grand-final,Amanda Georgiadi Tenfjord,Die Together,Greece,17,215,8,No,No
Turin,2022,Italy,grand-final,MARO,"Saudade, Saudade",Portugal,3,207,9,No,No
Turin,2022,Italy,grand-final,Subwoolfer,Give That Wolf A Banana,Norway,7,182,10,No,No
Turin,2022,Italy,grand-final,Rosa Linn,Snap,Armenia,8,61,20,No,No
Turin,2022,Italy,grand-final,The Rasmus,Jezebel,Finland,4,38,21,No,No
Turin,2022,Italy,grand-final,We Are Domi,Lights Off,Czech Republic,1,38,22,No,No
Turin,2022,Italy,grand-final,Systur,Með Hækkandi Sól,Iceland,18,20,23,No,No
Rotterdam,2021,Netherlands,first-semi-final,Destiny,Je Me Casse,Malta,16,325,1,Yes,Yes
Rotterdam,2021,Netherlands,first-semi-final,Go_A,Shum,Ukraine,15,267,2,Yes,No
Rotterdam,2021,Netherlands,first-semi-final,Manizha,Russian Woman,Russia,3,225,3,Yes,No
Rotterdam,2021,Netherlands,first-semi-final,The Roop,Discoteque,Lithuania,1,203,4,Yes,No
Rotterdam,2021,Netherlands,first-semi-final,Eden Alene,Set Me Free,Israel,12,192,5,Yes,No
Rotterdam,2021,Netherlands,first-semi-final,Elena Tsagrinou,El Diablo,Cyprus,8,170,6,Yes,No
Rotterdam,2021,Netherlands,first-semi-final,Tusse,Voices,Sweden,4,142,7,Yes,No
Rotterdam,2021,Netherlands,first-semi-final,Efendi,Mata Hari,Azerbaijan,14,138,8,Yes,No
Rotterdam,2021,Netherlands,first-semi-final,Hooverphonic,The Wrong Place,Belgium,11,117,9,Yes,No
Rotterdam,2021,Netherlands,first-semi-final,TIX,Fallen Angel,Norway,9,115,10,Yes,No
Rotterdam,2021,Netherlands,first-semi-final,Albina,Tick-Tock,Croatia,10,110,11,No,No
Rotterdam,2021,Netherlands,first-semi-final,ROXEN,Amnesia,Romania,13,85,12,No,No
Rotterdam,2021,Netherlands,first-semi-final,Ana Soklič,Amen,Slovenia,2,44,13,No,No
Rotterdam,2021,Netherlands,first-semi-final,Montaigne,Technicolour,Australia,5,28,14,No,No
Rotterdam,2021,Netherlands,first-semi-final,Vasil,Here I Stand,North Macedonia,6,23,15,No,No
Rotterdam,2021,Netherlands,first-semi-final,Lesley Roy,MAPS,Ireland,7,20,16,No,No
Rotterdam,2021,Netherlands,second-semi-final,Gjon's Tears,Tout l'Univers,Switzerland,16,291,1,Yes,Yes
Rotterdam,2021,Netherlands,second-semi-final,Daði og Gagnamagnið,10 Years,Iceland,8,288,2,Yes,No
Rotterdam,2021,Netherlands,second-semi-final,VICTORIA,Growing Up Is Getting Old,Bulgaria,13,250,3,Yes,No
Rotterdam,2021,Netherlands,second-semi-final,The Black Mamba,Love Is On My Side,Portugal,12,239,4,Yes,No
Rotterdam,2021,Netherlands,second-semi-final,Blind Channel,Dark Side,Finland,14,234,5,Yes,No
Rotterdam,2021,Netherlands,second-semi-final,Stefania,Last Dance,Greece,4,184,6,Yes,No
Rotterdam,2021,Netherlands,second-semi-final,Hurricane,Loco Loco,Serbia,9,124,8,Yes,No
Rotterdam,2021,Netherlands,second-semi-final,Senhit,Adrenalina,San Marino,1,118,9,Yes,No
Rotterdam,2021,Netherlands,second-semi-final,Anxhela Peristeri,Karma,Albania,11,112,10,Yes,No
Rotterdam,2021,Netherlands,second-semi-final,Fyr Og Flamme,Øve Os På Hinanden,Denmark,17,89,11,No,No
Rotterdam,2021,Netherlands,second-semi-final,Vincent Bueno,Amen,Austria,5,66,12,No,No
Rotterdam,2021,Netherlands,second-semi-final,Uku Suviste,The Lucky One,Estonia,2,58,13,No,No
Rotterdam,2021,Netherlands,second-semi-final,RAFAŁ,The Ride,Poland,6,35,14,No,No
Rotterdam,2021,Netherlands,second-semi-final,Benny Cristo,omaga,Czech Republic,3,23,15,No,No
Rotterdam,2021,Netherlands,second-semi-final,Tornike Kipiani,You,Georgia,10,16,16,No,No
Rotterdam,2021,Netherlands,second-semi-final,Natalia Gordienko,SUGAR,Moldova,7,179,7,Yes,No
Rotterdam,2021,Netherlands,second-semi-final,Samanta Tīna,The Moon Is Rising,Latvia,15,14,17,No,No
Rotterdam,2021,Netherlands,grand-final,Måneskin,Zitti E Buoni,Italy,24,524,1,No,Yes
Rotterdam,2021,Netherlands,grand-final,Barbara Pravi,Voilà,France,20,499,2,No,No
Rotterdam,2021,Netherlands,grand-final,Go_A,Shum,Ukraine,19,364,5,No,No
Rotterdam,2021,Netherlands,grand-final,Destiny,Je Me Casse,Malta,6,255,7,No,No
Rotterdam,2021,Netherlands,grand-final,The Roop,Discoteque,Lithuania,18,220,8,No,No
Rotterdam,2021,Netherlands,grand-final,Manizha,Russian Woman,Russia,5,204,9,No,No
Rotterdam,2021,Netherlands,grand-final,VICTORIA,Growing Up Is Getting Old,Bulgaria,17,170,11,No,No
Rotterdam,2021,Netherlands,grand-final,Tusse,Voices,Sweden,25,109,14,No,No
Rotterdam,2021,Netherlands,grand-final,Hurricane,Loco Loco,Serbia,8,102,15,No,No
Rotterdam,2021,Netherlands,grand-final,Elena Tsagrinou,El Diablo,Cyprus,1,94,16,No,No
Rotterdam,2021,Netherlands,grand-final,Eden Alene,Set Me Free,Israel,3,93,17,No,No
Rotterdam,2021,Netherlands,grand-final,TIX,Fallen Angel,Norway,22,75,18,No,No
Rotterdam,2021,Netherlands,grand-final,Hooverphonic,The Wrong Place,Belgium,4,74,19,No,No
Rotterdam,2021,Netherlands,grand-final,Efendi,Mata Hari,Azerbaijan,21,65,20,No,No
Rotterdam,2021,Netherlands,grand-final,Jeangu Macrooy,Birth Of A New Age,Netherlands,23,11,23,No,No
Rotterdam,2021,Netherlands,grand-final,Daði og Gagnamagnið,10 Years,Iceland,12,378,4,No,No
Rotterdam,2021,Netherlands,grand-final,Blind Channel,Dark Side,Finland,16,301,6,No,No
Rotterdam,2021,Netherlands,grand-final,Stefania,Last Dance,Greece,10,170,10,No,No
Rotterdam,2021,Netherlands,grand-final,The Black Mamba,Love Is On My Side,Portugal,7,153,12,No,No
Rotterdam,2021,Netherlands,grand-final,Natalia Gordienko,SUGAR,Moldova,14,115,13,No,No
Rotterdam,2021,Netherlands,grand-final,Senhit,Adrenalina,San Marino,26,50,22,No,No
Rotterdam,2021,Netherlands,grand-final,Gjon's Tears,Tout l'Univers,Switzerland,11,432,3,No,No
Rotterdam,2021,Netherlands,grand-final,Anxhela Peristeri,Karma,Albania,2,57,21,No,No
Rotterdam,2021,Netherlands,grand-final,Blas Cantó,Voy A Quedarme,Spain,13,6,24,No,No
Rotterdam,2021,Netherlands,grand-final,Jendrik,I Don't Feel Hate,Germany,15,3,25,No,No
Rotterdam,2021,Netherlands,grand-final,James Newman,Embers,United Kingdom,9,0,26,No,No
Tel Aviv,2019,Israel,first-semi-final,Kate Miller-Heidke,Zero Gravity,Australia,12,261,1,Yes,Yes
Tel Aviv,2019,Israel,first-semi-final,Lake Malawi,Friend of a Friend,Czech Republic,6,242,2,Yes,No
Tel Aviv,2019,Israel,first-semi-final,Tulia,Fire of Love (Pali się),Poland,4,120,11,No,No
Tel Aviv,2019,Israel,first-semi-final,Joci Pápai,Az én apám,Hungary,7,97,12,No,No
Tel Aviv,2019,Israel,first-semi-final,Eliot,Wake Up,Belgium,10,70,13,No,No
Tel Aviv,2019,Israel,first-semi-final,Oto Nemsadze,Keep on Going,Georgia,11,62,14,No,No
Tel Aviv,2019,Israel,first-semi-final,Conan Osiris,Telemóveis,Portugal,15,51,15,No,No
Tel Aviv,2019,Israel,first-semi-final,D mol,Heaven,Montenegro,2,46,16,No,No
Tel Aviv,2019,Israel,first-semi-final,Darude feat. Sebastian Rejman,Look Away,Finland,3,23,17,No,No
Tel Aviv,2019,Israel,first-semi-final,Hatari,Hatrið mun sigra,Iceland,13,221,3,Yes,No
Tel Aviv,2019,Israel,first-semi-final,Victor Crone,Storm,Estonia,14,198,4,Yes,No
Tel Aviv,2019,Israel,first-semi-final,Katerine Duska,Better Love,Greece,16,185,5,Yes,No
Tel Aviv,2019,Israel,first-semi-final,Zala Kralj & Gašper Šantl,Sebi,Slovenia,5,167,6,Yes,No
Tel Aviv,2019,Israel,first-semi-final,Nevena Božović,Kruna,Serbia,9,156,7,Yes,No
Tel Aviv,2019,Israel,first-semi-final,Serhat,Say Na Na Na,San Marino,17,150,8,Yes,No
Tel Aviv,2019,Israel,first-semi-final,Tamta,Replay,Cyprus,1,149,9,Yes,No
Tel Aviv,2019,Israel,first-semi-final,ZENA,Like It,Belarus,8,122,10,Yes,No
Tel Aviv,2019,Israel,second-semi-final,Jurij Veklenko,Run With The Lions,Lithuania,12,93,11,No,No
Tel Aviv,2019,Israel,second-semi-final,Anna Odobescu,Stay,Moldova,3,85,12,No,No
Tel Aviv,2019,Israel,second-semi-final,Ester Peony,On a Sunday,Romania,6,71,13,No,No
Tel Aviv,2019,Israel,second-semi-final,Roko,The Dream,Croatia,10,64,14,No,No
Tel Aviv,2019,Israel,second-semi-final,Carousel,That Night,Latvia,5,50,15,No,No
Tel Aviv,2019,Israel,second-semi-final,Duncan Laurence,Arcade,Netherlands,16,280,1,Yes,Yes
Tel Aviv,2019,Israel,second-semi-final,Tamara Todevska,Proud,North Macedonia,17,239,2,Yes,No
Tel Aviv,2019,Israel,second-semi-final,John Lundvik,Too Late For Love,Sweden,8,238,3,Yes,No
Tel Aviv,2019,Israel,second-semi-final,Luca Hänni,She Got Me,Switzerland,4,232,4,Yes,No
Tel Aviv,2019,Israel,second-semi-final,Srbuk,Walking Out,Armenia,1,49,16,No,No
Tel Aviv,2019,Israel,second-semi-final,PÆNDA,Limits,Austria,9,21,17,No,No
Tel Aviv,2019,Israel,second-semi-final,Sarah McTernan,22,Ireland,2,16,18,No,No
Tel Aviv,2019,Israel,second-semi-final,Chingiz,Truth,Azerbaijan,18,224,5,Yes,No
Tel Aviv,2019,Israel,second-semi-final,Sergey Lazarev,Scream,Russia,13,217,6,Yes,No
Tel Aviv,2019,Israel,second-semi-final,KEiiNO,Spirit in the Sky,Norway,15,210,7,Yes,No
Tel Aviv,2019,Israel,second-semi-final,Michela,Chameleon,Malta,11,157,8,Yes,No
Tel Aviv,2019,Israel,second-semi-final,Jonida Maliqi,Ktheju tokës,Albania,14,96,9,Yes,No
Tel Aviv,2019,Israel,second-semi-final,Leonora,Love Is Forever,Denmark,7,94,10,Yes,No
Tel Aviv,2019,Israel,grand-final,Mahmood,Soldi,Italy,22,472,2,No,No
Tel Aviv,2019,Israel,grand-final,Miki,La Venda,Spain,26,54,22,No,No
Tel Aviv,2019,Israel,grand-final,Kobi Marimi,Home,Israel,14,35,23,No,No
Tel Aviv,2019,Israel,grand-final,Michael Rice,Bigger Than Us,United Kingdom,16,11,26,No,No
Tel Aviv,2019,Israel,grand-final,Kate Miller-Heidke,Zero Gravity,Australia,25,284,9,No,No
Tel Aviv,2019,Israel,grand-final,Luca Hänni,She Got Me,Switzerland,24,364,4,No,No
Tel Aviv,2019,Israel,grand-final,John Lundvik,Too Late For Love,Sweden,9,334,5,No,No
Tel Aviv,2019,Israel,grand-final,KEiiNO,Spirit in the Sky,Norway,15,331,6,No,No
Tel Aviv,2019,Israel,grand-final,Tamara Todevska,Proud,North Macedonia,8,305,7,No,No
Tel Aviv,2019,Israel,grand-final,Chingiz,Truth,Azerbaijan,20,302,8,No,No
Tel Aviv,2019,Israel,grand-final,Hatari,Hatrið mun sigra,Iceland,17,232,10,No,No
Tel Aviv,2019,Israel,grand-final,Tamta,Replay,Cyprus,11,109,13,No,No
Tel Aviv,2019,Israel,grand-final,Michela,Chameleon,Malta,1,107,14,No,No
Tel Aviv,2019,Israel,grand-final,Zala Kralj & Gašper Šantl,Sebi,Slovenia,10,105,15,No,No
Tel Aviv,2019,Israel,grand-final,Bilal Hassani,Roi,France,21,105,16,No,No
Tel Aviv,2019,Israel,grand-final,Lake Malawi,Friend of a Friend,Czech Republic,3,157,11,No,No
Tel Aviv,2019,Israel,grand-final,Leonora,Love Is Forever,Denmark,6,120,12,No,No
Tel Aviv,2019,Israel,grand-final,Duncan Laurence,Arcade,Netherlands,12,498,1,No,Yes
Tel Aviv,2019,Israel,grand-final,Sergey Lazarev,Scream,Russia,5,370,3,No,No
Tel Aviv,2019,Israel,grand-final,Jonida Maliqi,Ktheju tokës,Albania,2,90,17,No,No
Tel Aviv,2019,Israel,grand-final,Nevena Božović,Kruna,Serbia,23,89,18,No,No
Tel Aviv,2019,Israel,grand-final,Serhat,Say Na Na Na,San Marino,7,77,19,No,No
Tel Aviv,2019,Israel,grand-final,Victor Crone,Storm,Estonia,18,76,20,No,No
Tel Aviv,2019,Israel,grand-final,Katerine Duska,Better Love,Greece,13,74,21,No,No
Tel Aviv,2019,Israel,grand-final,ZENA,Like It,Belarus,19,31,24,No,No
Tel Aviv,2019,Israel,grand-final,S!sters,Sister,Germany,4,24,25,No,No
Lisbon,2018,Portugal,first-semi-final,Eye Cue,Lost And Found,North Macedonia,11,24,18,No,No
Lisbon,2018,Portugal,first-semi-final,Yianna Terzi,Oniro Mou,Greece,14,81,14,No,No
Lisbon,2018,Portugal,first-semi-final,Aisel,X My Heart,Azerbaijan,1,94,11,No,No
Lisbon,2018,Portugal,first-semi-final,Ari Ólafsson,Our Choice,Iceland,2,15,19,No,No
Lisbon,2018,Portugal,first-semi-final,Franka,Crazy,Croatia,12,63,17,No,No
Lisbon,2018,Portugal,first-semi-final,Elina Nechayeva,La Forza,Estonia,9,201,5,Yes,No
Lisbon,2018,Portugal,first-semi-final,Netta,TOY,Israel,7,283,1,Yes,Yes
Lisbon,2018,Portugal,first-semi-final,Sennek,A Matter Of Time,Belgium,4,91,12,No,No
Lisbon,2018,Portugal,first-semi-final,Sevak Khanagyan,Qami,Armenia,16,79,15,No,No
Lisbon,2018,Portugal,first-semi-final,ALEKSEEV,FOREVER,Belarus,8,65,16,No,No
Lisbon,2018,Portugal,first-semi-final,ZiBBZ,Stones,Switzerland,17,86,13,No,No
Lisbon,2018,Portugal,first-semi-final,Mikolas Josef,Lie To Me,Czech Republic,5,232,3,Yes,No
Lisbon,2018,Portugal,first-semi-final,Eleni Foureira,Fuego,Cyprus,19,262,2,Yes,No
Lisbon,2018,Portugal,first-semi-final,Ryan O'Shaughnessy,Together,Ireland,18,179,6,Yes,No
Lisbon,2018,Portugal,first-semi-final,Eugent Bushpepa,Mall,Albania,3,162,8,Yes,No
Lisbon,2018,Portugal,first-semi-final,Ieva Zasimauskaitė,When We're Old,Lithuania,6,119,9,Yes,No
Lisbon,2018,Portugal,first-semi-final,Cesár Sampson,Nobody But You,Austria,13,231,4,Yes,No
Lisbon,2018,Portugal,first-semi-final,EQUINOX,Bones,Bulgaria,10,177,7,Yes,No
Lisbon,2018,Portugal,first-semi-final,Saara Aalto,Monsters,Finland,15,108,10,Yes,No
Lisbon,2018,Portugal,second-semi-final,Jessika featuring Jenifer Brening,Who We Are,San Marino,4,28,17,No,No
Lisbon,2018,Portugal,second-semi-final,Gromee feat. Lukas Meijer,Light Me Up,Poland,11,81,14,No,No
Lisbon,2018,Portugal,second-semi-final,The Humans,Goodbye,Romania,2,107,11,No,No
Lisbon,2018,Portugal,second-semi-final,Ethno-Jazz Band Iriao,For You,Georgia,10,24,18,No,No
Lisbon,2018,Portugal,second-semi-final,Alexander Rybak,That's How You Write A Song,Norway,1,266,1,Yes,Yes
Lisbon,2018,Portugal,second-semi-final,Lea Sirk,"Hvala, ne!",Slovenia,17,132,8,Yes,No
Lisbon,2018,Portugal,second-semi-final,Jessica Mauboy,We Got Love,Australia,9,212,4,Yes,No
Lisbon,2018,Portugal,second-semi-final,Rasmussen,Higher Ground,Denmark,5,204,5,Yes,No
Lisbon,2018,Portugal,second-semi-final,Sanja Ilić & Balkanika,Nova Deca,Serbia,3,117,9,Yes,No
Lisbon,2018,Portugal,second-semi-final,Waylon,Outlaw In 'Em,Netherlands,8,174,7,Yes,No
Lisbon,2018,Portugal,second-semi-final,DoReDoS,My Lucky Day,Moldova,7,235,3,Yes,No
Lisbon,2018,Portugal,second-semi-final,MELOVIN,Under The Ladder,Ukraine,18,179,6,Yes,No
Lisbon,2018,Portugal,second-semi-final,Laura Rizzotto,Funny Girl,Latvia,14,106,12,No,No
Lisbon,2018,Portugal,second-semi-final,Christabelle,Taboo,Malta,12,101,13,No,No
Lisbon,2018,Portugal,second-semi-final,Julia Samoylova,I Won't Break,Russia,6,65,15,No,No
Lisbon,2018,Portugal,second-semi-final,Vanja Radovanović,Inje,Montenegro,16,40,16,No,No
Lisbon,2018,Portugal,second-semi-final,AWS,Viszlát Nyár,Hungary,13,111,10,Yes,No
Lisbon,2018,Portugal,second-semi-final,Benjamin Ingrosso,Dance You Off,Sweden,15,254,2,Yes,No
Lisbon,2018,Portugal,grand-final,Waylon,Outlaw In 'Em,Netherlands,23,121,18,No,No
Lisbon,2018,Portugal,grand-final,DoReDoS,My Lucky Day,Moldova,19,209,10,No,No
Lisbon,2018,Portugal,grand-final,MELOVIN,Under The Ladder,Ukraine,1,130,17,No,No
Lisbon,2018,Portugal,grand-final,Alexander Rybak,That's How You Write A Song,Norway,7,144,15,No,No
Lisbon,2018,Portugal,grand-final,Lea Sirk,"Hvala, ne!",Slovenia,3,64,22,No,No
Lisbon,2018,Portugal,grand-final,Elina Nechayeva,La Forza,Estonia,6,245,8,No,No
Lisbon,2018,Portugal,grand-final,Netta,TOY,Israel,22,529,1,No,Yes
Lisbon,2018,Portugal,grand-final,Jessica Mauboy,We Got Love,Australia,16,99,20,No,No
Lisbon,2018,Portugal,grand-final,Rasmussen,Higher Ground,Denmark,15,226,9,No,No
Lisbon,2018,Portugal,grand-final,Sanja Ilić & Balkanika,Nova Deca,Serbia,10,113,19,No,No
Lisbon,2018,Portugal,grand-final,Mikolas Josef,Lie To Me,Czech Republic,14,281,6,No,No
Lisbon,2018,Portugal,grand-final,Eleni Foureira,Fuego,Cyprus,25,436,2,No,No
Lisbon,2018,Portugal,grand-final,Ryan O'Shaughnessy,Together,Ireland,24,136,16,No,No
Lisbon,2018,Portugal,grand-final,Eugent Bushpepa,Mall,Albania,12,184,11,No,No
Lisbon,2018,Portugal,grand-final,AWS,Viszlát Nyár,Hungary,21,93,21,No,No
Lisbon,2018,Portugal,grand-final,Benjamin Ingrosso,Dance You Off,Sweden,20,274,7,No,No
Lisbon,2018,Portugal,grand-final,Ieva Zasimauskaitė,When We're Old,Lithuania,4,181,12,No,No
Lisbon,2018,Portugal,grand-final,Cesár Sampson,Nobody But You,Austria,5,342,3,No,No
Lisbon,2018,Portugal,grand-final,EQUINOX,Bones,Bulgaria,18,166,14,No,No
Lisbon,2018,Portugal,grand-final,Saara Aalto,Monsters,Finland,17,46,25,No,No
Lisbon,2018,Portugal,grand-final,Cláudia Pascoal,O Jardim,Portugal,8,39,26,No,No
Lisbon,2018,Portugal,grand-final,SuRie,Storm,United Kingdom,9,48,24,No,No
Lisbon,2018,Portugal,grand-final,Amaia y Alfred,Tu Canción,Spain,2,61,23,No,No
Lisbon,2018,Portugal,grand-final,Ermal Meta e Fabrizio Moro,Non Mi Avete Fatto Niente,Italy,26,308,5,No,No
Lisbon,2018,Portugal,grand-final,Madame Monsieur,Mercy,France,13,173,13,No,No
Lisbon,2018,Portugal,grand-final,Michael Schulte,You Let Me Walk Alone,Germany,11,340,4,No,No
Kyiv,2017,Ukraine,first-semi-final,Svala,Paper,Iceland,13,60,15,No,No
Kyiv,2017,Ukraine,first-semi-final,Triana Park,Line,Latvia,18,21,18,No,No
Kyiv,2017,Ukraine,first-semi-final,Martina Bárta,My Turn,Czech Republic,14,83,13,No,No
Kyiv,2017,Ukraine,first-semi-final,Omar Naber,On My Way,Slovenia,17,36,17,No,No
Kyiv,2017,Ukraine,first-semi-final,Lindita,World,Albania,4,76,14,No,No
Kyiv,2017,Ukraine,first-semi-final,Tamara Gachechiladze,Keep The Faith,Georgia,2,99,11,No,No
Kyiv,2017,Ukraine,first-semi-final,Norma John,Blackbird,Finland,7,92,12,No,No
Kyiv,2017,Ukraine,first-semi-final,Slavko Kalezić,Space,Montenegro,6,56,16,No,No
Kyiv,2017,Ukraine,first-semi-final,Kasia Moś,Flashlight,Poland,11,119,9,Yes,No
Kyiv,2017,Ukraine,first-semi-final,Demy,This is Love,Greece,10,115,10,Yes,No
Kyiv,2017,Ukraine,first-semi-final,Sunstroke Project,Hey Mamma,Moldova,12,291,2,Yes,No
Kyiv,2017,Ukraine,first-semi-final,Artsvik,Fly With Me,Armenia,16,152,7,Yes,No
Kyiv,2017,Ukraine,first-semi-final,Robin Bengtsson,I Can't Go On,Sweden,1,227,3,Yes,No
Kyiv,2017,Ukraine,first-semi-final,Blanche,City Lights,Belgium,5,165,4,Yes,No
Kyiv,2017,Ukraine,first-semi-final,Isaiah,Don't Come Easy,Australia,3,160,6,Yes,No
Kyiv,2017,Ukraine,first-semi-final,Dihaj,Skeletons,Azerbaijan,8,150,8,Yes,No
Kyiv,2017,Ukraine,first-semi-final,Hovig,Gravity,Cyprus,15,164,5,Yes,No
Kyiv,2017,Ukraine,first-semi-final,Salvador Sobral,Amar Pelos Dois,Portugal,9,370,1,Yes,Yes
Kyiv,2017,Ukraine,second-semi-final,Fusedmarc,Rain Of Revolution,Lithuania,16,42,17,No,No
Kyiv,2017,Ukraine,second-semi-final,Valentina Monetta and Jimmie Wilson,Spirit of the Night,San Marino,10,1,18,No,No
Kyiv,2017,Ukraine,second-semi-final,Koit Toome & Laura,Verona,Estonia,17,85,14,No,No
Kyiv,2017,Ukraine,second-semi-final,Timebelle,Apollo,Switzerland,13,97,12,No,No
Kyiv,2017,Ukraine,second-semi-final,Brendan Murray,Dying to Try,Ireland,9,86,13,No,No
Kyiv,2017,Ukraine,second-semi-final,Tijana Bogićević,In Too Deep,Serbia,1,98,11,No,No
Kyiv,2017,Ukraine,second-semi-final,Claudia Faniello,Breathlessly,Malta,4,55,16,No,No
Kyiv,2017,Ukraine,second-semi-final,Jana Burčeska,Dance Alone,North Macedonia,3,69,15,No,No
Kyiv,2017,Ukraine,second-semi-final,JOWST,Grab The Moment,Norway,12,189,5,Yes,No
Kyiv,2017,Ukraine,second-semi-final,Naviband,Story of My Life,Belarus,14,110,9,Yes,No
Kyiv,2017,Ukraine,second-semi-final,Jacques Houdek,My Friend,Croatia,11,141,8,Yes,No
Kyiv,2017,Ukraine,second-semi-final,Kristian Kostov,Beautiful Mess,Bulgaria,15,403,1,Yes,Yes
Kyiv,2017,Ukraine,second-semi-final,IMRI,I Feel Alive,Israel,18,207,3,Yes,No
Kyiv,2017,Ukraine,second-semi-final,Nathan Trent,Running On Air,Austria,2,147,7,Yes,No
Kyiv,2017,Ukraine,second-semi-final,Joci Pápai,Origo,Hungary,7,231,2,Yes,No
Kyiv,2017,Ukraine,second-semi-final,Ilinca ft. Alex Florea,Yodel It!,Romania,5,174,6,Yes,No
Kyiv,2017,Ukraine,second-semi-final,Anja,Where I Am,Denmark,8,101,10,Yes,No
Kyiv,2017,Ukraine,second-semi-final,OG3NE,Lights and Shadows,Netherlands,6,200,4,Yes,No
Kyiv,2017,Ukraine,grand-final,Alma,Requiem,France,26,135,12,No,No
Kyiv,2017,Ukraine,grand-final,Levina,Perfect Life,Germany,21,6,25,No,No
Kyiv,2017,Ukraine,grand-final,Manel Navarro,Do It For Your Lover,Spain,16,5,26,No,No
Kyiv,2017,Ukraine,grand-final,Lucie Jones,Never Give Up On You,United Kingdom,18,111,15,No,No
Kyiv,2017,Ukraine,grand-final,Francesco Gabbani,Occidentali's Karma,Italy,9,334,6,No,No
Kyiv,2017,Ukraine,grand-final,O.Torvald,Time,Ukraine,22,36,24,No,No
Kyiv,2017,Ukraine,grand-final,Kasia Moś,Flashlight,Poland,2,64,22,No,No
Kyiv,2017,Ukraine,grand-final,Demy,This is Love,Greece,15,77,19,No,No
Kyiv,2017,Ukraine,grand-final,Sunstroke Project,Hey Mamma,Moldova,7,374,3,No,No
Kyiv,2017,Ukraine,grand-final,Artsvik,Fly With Me,Armenia,5,79,18,No,No
Kyiv,2017,Ukraine,grand-final,Robin Bengtsson,I Can't Go On,Sweden,24,344,5,No,No
Kyiv,2017,Ukraine,grand-final,Blanche,City Lights,Belgium,23,363,4,No,No
Kyiv,2017,Ukraine,grand-final,Isaiah,Don't Come Easy,Australia,14,173,9,No,No
Kyiv,2017,Ukraine,grand-final,Dihaj,Skeletons,Azerbaijan,12,120,14,No,No
Kyiv,2017,Ukraine,grand-final,Hovig,Gravity,Cyprus,19,68,21,No,No
Kyiv,2017,Ukraine,grand-final,Salvador Sobral,Amar Pelos Dois,Portugal,11,758,1,No,Yes
Kyiv,2017,Ukraine,grand-final,JOWST,Grab The Moment,Norway,17,158,10,No,No
Kyiv,2017,Ukraine,grand-final,Naviband,Story of My Life,Belarus,3,83,17,No,No
Kyiv,2017,Ukraine,grand-final,Jacques Houdek,My Friend,Croatia,13,128,13,No,No
Kyiv,2017,Ukraine,grand-final,Kristian Kostov,Beautiful Mess,Bulgaria,25,615,2,No,No
Kyiv,2017,Ukraine,grand-final,IMRI,I Feel Alive,Israel,1,39,23,No,No
Kyiv,2017,Ukraine,grand-final,Nathan Trent,Running On Air,Austria,4,93,16,No,No
Kyiv,2017,Ukraine,grand-final,Joci Pápai,Origo,Hungary,8,200,8,No,No
Kyiv,2017,Ukraine,grand-final,Ilinca ft. Alex Florea,Yodel It!,Romania,20,282,7,No,No
Kyiv,2017,Ukraine,grand-final,Anja,Where I Am,Denmark,10,77,20,No,No
Kyiv,2017,Ukraine,grand-final,OG3NE,Lights and Shadows,Netherlands,6,150,11,No,No
Stockholm,2016,Sweden,first-semi-final,Serhat,I Didn't Know,San Marino,8,68,12,No,No
Stockholm,2016,Sweden,first-semi-final,Greta Salóme,Hear Them Calling,Iceland,16,51,14,No,No
Stockholm,2016,Sweden,first-semi-final,Highway,The Real Thing,Montenegro,15,60,13,No,No
Stockholm,2016,Sweden,first-semi-final,Argo,Utopian Land,Greece,2,44,16,No,No
Stockholm,2016,Sweden,first-semi-final,Jüri Pootsmann,Play,Estonia,13,24,18,No,No
Stockholm,2016,Sweden,first-semi-final,Dalal & Deen feat. Ana Rucner and Jala,Ljubav Je,Bosnia & Herzegovina,17,104,11,No,No
Stockholm,2016,Sweden,first-semi-final,Lidia Isac,Falling Stars,Moldova,3,33,17,No,No
Stockholm,2016,Sweden,first-semi-final,Sandhja,Sing It Away,Finland,1,51,15,No,No
Stockholm,2016,Sweden,first-semi-final,ZOË,Loin d'ici,Austria,12,170,7,Yes,No
Stockholm,2016,Sweden,first-semi-final,Douwe Bob,Slow Down,Netherlands,6,197,5,Yes,No
Stockholm,2016,Sweden,first-semi-final,Sergey Lazarev,You Are The Only One,Russia,9,342,1,Yes,Yes
Stockholm,2016,Sweden,first-semi-final,Freddie,Pioneer,Hungary,4,197,4,Yes,No
Stockholm,2016,Sweden,first-semi-final,Gabriela Gunčíková,I Stand,Czech Republic,10,161,9,Yes,No
Stockholm,2016,Sweden,first-semi-final,Iveta Mukuchyan,LoveWave,Armenia,7,243,2,Yes,No
Stockholm,2016,Sweden,first-semi-final,Ira Losco,Walk On Water,Malta,18,209,3,Yes,No
Stockholm,2016,Sweden,first-semi-final,Minus One,Alter Ego,Cyprus,11,164,8,Yes,No
Stockholm,2016,Sweden,first-semi-final,Nina Kraljić,Lighthouse,Croatia,5,133,10,Yes,No
Stockholm,2016,Sweden,first-semi-final,Samra,Miracle,Azerbaijan,14,185,6,Yes,No
Stockholm,2016,Sweden,second-semi-final,Agnete,Icebreaker,Norway,15,63,13,No,No
Stockholm,2016,Sweden,second-semi-final,ManuElla,Blue And Red,Slovenia,11,57,14,No,No
Stockholm,2016,Sweden,second-semi-final,Lighthouse X,Soldiers Of Love,Denmark,13,34,17,No,No
Stockholm,2016,Sweden,second-semi-final,Kaliopi,Dona,North Macedonia,8,88,11,No,No
Stockholm,2016,Sweden,second-semi-final,Rykka,The Last Of Our Kind,Switzerland,3,28,18,No,No
Stockholm,2016,Sweden,second-semi-final,Nicky Byrne,Sunlight,Ireland,7,46,15,No,No
Stockholm,2016,Sweden,second-semi-final,IVAN,Help You Fly,Belarus,5,84,12,No,No
Stockholm,2016,Sweden,second-semi-final,Eneda Tarifa,Fairytale,Albania,17,45,16,No,No
Stockholm,2016,Sweden,second-semi-final,Sanja Vučić ZAA,Goodbye (Shelter),Serbia,6,105,10,Yes,No
Stockholm,2016,Sweden,second-semi-final,Michał Szpak,Color Of Your Life,Poland,2,151,6,Yes,No
Stockholm,2016,Sweden,second-semi-final,Laura Tesoro,What's The Pressure,Belgium,18,274,3,Yes,No
Stockholm,2016,Sweden,second-semi-final,Jamala,1944,Ukraine,14,287,2,Yes,No
Stockholm,2016,Sweden,second-semi-final,Donny Montell,I've Been Waiting for This Night,Lithuania,9,222,4,Yes,No
Stockholm,2016,Sweden,second-semi-final,Dami Im,Sound Of Silence,Australia,10,330,1,Yes,Yes
Stockholm,2016,Sweden,second-semi-final,Nika Kocharov and Young Georgian Lolitaz,Midnight Gold,Georgia,16,123,9,Yes,No
Stockholm,2016,Sweden,second-semi-final,Poli Genova,If Love Was A Crime,Bulgaria,12,220,5,Yes,No
Stockholm,2016,Sweden,second-semi-final,Justs,Heartbeat,Latvia,1,132,8,Yes,No
Stockholm,2016,Sweden,second-semi-final,Hovi Star,Made Of Stars,Israel,4,147,7,Yes,No
Stockholm,2016,Sweden,grand-final,Sanja Vučić ZAA,Goodbye (Shelter),Serbia,15,115,18,No,No
Stockholm,2016,Sweden,grand-final,Michał Szpak,Color Of Your Life,Poland,12,229,8,No,No
Stockholm,2016,Sweden,grand-final,Laura Tesoro,What's The Pressure,Belgium,1,181,10,No,No
Stockholm,2016,Sweden,grand-final,Jamala,1944,Ukraine,21,534,1,No,Yes
Stockholm,2016,Sweden,grand-final,Donny Montell,I've Been Waiting for This Night,Lithuania,16,200,9,No,No
Stockholm,2016,Sweden,grand-final,Dami Im,Sound Of Silence,Australia,13,511,2,No,No
Stockholm,2016,Sweden,grand-final,Nika Kocharov and Young Georgian Lolitaz,Midnight Gold,Georgia,23,104,20,No,No
Stockholm,2016,Sweden,grand-final,Poli Genova,If Love Was A Crime,Bulgaria,8,307,4,No,No
Stockholm,2016,Sweden,grand-final,Justs,Heartbeat,Latvia,20,132,15,No,No
Stockholm,2016,Sweden,grand-final,Hovi Star,Made Of Stars,Israel,7,135,14,No,No
Stockholm,2016,Sweden,grand-final,ZOË,Loin d'ici,Austria,24,151,13,No,No
Stockholm,2016,Sweden,grand-final,Douwe Bob,Slow Down,Netherlands,3,153,11,No,No
Stockholm,2016,Sweden,grand-final,Sergey Lazarev,You Are The Only One,Russia,18,491,3,No,No
Stockholm,2016,Sweden,grand-final,Freddie,Pioneer,Hungary,5,108,19,No,No
Stockholm,2016,Sweden,grand-final,Gabriela Gunčíková,I Stand,Czech Republic,2,41,25,No,No
Stockholm,2016,Sweden,grand-final,Iveta Mukuchyan,LoveWave,Armenia,26,249,7,No,No
Stockholm,2016,Sweden,grand-final,Ira Losco,Walk On Water,Malta,22,153,12,No,No
Stockholm,2016,Sweden,grand-final,Minus One,Alter Ego,Cyprus,14,96,21,No,No
Stockholm,2016,Sweden,grand-final,Nina Kraljić,Lighthouse,Croatia,17,73,23,No,No
Stockholm,2016,Sweden,grand-final,Samra,Miracle,Azerbaijan,4,117,17,No,No
Stockholm,2016,Sweden,grand-final,Joe and Jake,You're Not Alone,United Kingdom,25,62,24,No,No
Stockholm,2016,Sweden,grand-final,Amir,J'ai cherché,France,11,257,6,No,No
Stockholm,2016,Sweden,grand-final,Francesca Michielin,No Degree Of Separation,Italy,6,124,16,No,No
Stockholm,2016,Sweden,grand-final,Barei,Say Yay!,Spain,19,77,22,No,No
Stockholm,2016,Sweden,grand-final,Jamie-Lee,Ghost,Germany,10,11,26,No,No
Stockholm,2016,Sweden,grand-final,Frans,If I Were Sorry,Sweden,9,261,5,No,No
Vienna,2015,Austria,first-semi-final,Pertti Kurikan Nimipäivät,Aina Mun Pitää,Finland,5,13,16,No,No
Vienna,2015,Austria,first-semi-final,Eduard Romanyuta,I Want Your Love,Moldova,1,41,11,No,No
Vienna,2015,Austria,first-semi-final,Trijntje Oosterhuis,Walk Along,Netherlands,4,33,14,No,No
Vienna,2015,Austria,first-semi-final,Daniel Kajmakoski,Autumn Leaves,North Macedonia,8,28,15,No,No
Vienna,2015,Austria,first-semi-final,Uzari&Maimuna,Time,Belarus,11,39,12,No,No
Vienna,2015,Austria,first-semi-final,Anti Social Media,The Way You Are,Denmark,13,33,13,No,No
Vienna,2015,Austria,first-semi-final,Genealogy,Face The Shadow,Armenia,2,77,7,Yes,No
Vienna,2015,Austria,first-semi-final,Boggie,Wars For Nothing,Hungary,10,67,8,Yes,No
Vienna,2015,Austria,first-semi-final,Loïc Nottet,Rhythm Inside,Belgium,3,149,2,Yes,No
Vienna,2015,Austria,first-semi-final,Nina Sublatti,Warrior,Georgia,16,98,4,Yes,No
Vienna,2015,Austria,first-semi-final,Elhaida Dani,I'm Alive,Albania,14,62,10,Yes,No
Vienna,2015,Austria,first-semi-final,Polina Gagarina,A Million Voices,Russia,12,182,1,Yes,Yes
Vienna,2015,Austria,first-semi-final,Elina Born & Stig Rästa,Goodbye To Yesterday,Estonia,7,105,3,Yes,No
Vienna,2015,Austria,first-semi-final,Voltaj,De La Capat/ All Over Again,Romania,15,89,5,Yes,No
Vienna,2015,Austria,first-semi-final,Maria Elena Kyriakou,One Last Breath,Greece,6,81,6,Yes,No
Vienna,2015,Austria,first-semi-final,Bojana Stamenov,Beauty Never Lies,Serbia,9,63,9,Yes,No
Vienna,2015,Austria,second-semi-final,Leonor Andrade,Há Um Mar Que Nos Separa,Portugal,7,19,14,No,No
Vienna,2015,Austria,second-semi-final,Maria Olafs,Unbroken,Iceland,12,14,15,No,No
Vienna,2015,Austria,second-semi-final,Amber,Warrior,Malta,5,43,11,No,No
Vienna,2015,Austria,second-semi-final,Anita Simoncini & Michele Perniola,Chain of Lights,San Marino,3,11,16,No,No
Vienna,2015,Austria,second-semi-final,Marta Jandová and Václav Noid Bárta,Hope Never Dies,Czech Republic,8,33,13,No,No
Vienna,2015,Austria,second-semi-final,Molly Sterling,Playing With Numbers,Ireland,2,35,12,No,No
Vienna,2015,Austria,second-semi-final,Mélanie René,Time To Shine,Switzerland,14,4,17,No,No
Vienna,2015,Austria,second-semi-final,Måns Zelmerlöw,Heroes,Sweden,13,217,1,Yes,Yes
Vienna,2015,Austria,second-semi-final,Knez,Adio,Montenegro,4,57,9,Yes,No
Vienna,2015,Austria,second-semi-final,John Karayiannis,One Thing I Should Have Done,Cyprus,15,87,6,Yes,No
Vienna,2015,Austria,second-semi-final,Nadav Guedj,Golden Boy,Israel,9,151,3,Yes,No
Vienna,2015,Austria,second-semi-final,Monika Kuszyńska,In The Name Of Love,Poland,17,57,8,Yes,No
Vienna,2015,Austria,second-semi-final,Monika Linkytė and Vaidas Baumila,This Time,Lithuania,1,67,7,Yes,No
Vienna,2015,Austria,second-semi-final,Aminata,Love Injected,Latvia,10,155,2,Yes,No
Vienna,2015,Austria,second-semi-final,Maraaya,Here For You,Slovenia,16,92,5,Yes,No
Vienna,2015,Austria,second-semi-final,Elnur Huseynov,Hour Of The Wolf,Azerbaijan,11,53,10,Yes,No
Vienna,2015,Austria,second-semi-final,Mørland & Debrah Scarlett,A Monster Like Me,Norway,6,123,4,Yes,No
Vienna,2015,Austria,grand-final,Guy Sebastian,Tonight Again,Australia,12,196,5,No,No
Vienna,2015,Austria,grand-final,Edurne,Amanecer,Spain,21,15,21,No,No
Vienna,2015,Austria,grand-final,Lisa Angell,N'oubliez Pas,France,2,4,25,No,No
Vienna,2015,Austria,grand-final,Il Volo,Grande Amore,Italy,27,292,3,No,No
Vienna,2015,Austria,grand-final,Electro Velvet,Still In Love With You,United Kingdom,5,5,24,No,No
Vienna,2015,Austria,grand-final,Genealogy,Face The Shadow,Armenia,6,34,16,No,No
Vienna,2015,Austria,grand-final,Boggie,Wars For Nothing,Hungary,22,19,20,No,No
Vienna,2015,Austria,grand-final,Loïc Nottet,Rhythm Inside,Belgium,13,217,4,No,No
Vienna,2015,Austria,grand-final,Nina Sublatti,Warrior,Georgia,23,51,11,No,No
Vienna,2015,Austria,grand-final,Elhaida Dani,I'm Alive,Albania,26,34,17,No,No
Vienna,2015,Austria,grand-final,Polina Gagarina,A Million Voices,Russia,25,303,2,No,No
Vienna,2015,Austria,grand-final,Elina Born & Stig Rästa,Goodbye To Yesterday,Estonia,4,106,7,No,No
Vienna,2015,Austria,grand-final,Voltaj,De La Capat/ All Over Again,Romania,20,35,15,No,No
Vienna,2015,Austria,grand-final,Maria Elena Kyriakou,One Last Breath,Greece,15,23,19,No,No
Vienna,2015,Austria,grand-final,Bojana Stamenov,Beauty Never Lies,Serbia,8,53,10,No,No
Vienna,2015,Austria,grand-final,Måns Zelmerlöw,Heroes,Sweden,10,365,1,No,Yes
Vienna,2015,Austria,grand-final,Knez,Adio,Montenegro,16,44,13,No,No
Vienna,2015,Austria,grand-final,The Makemakes,I Am Yours,Austria,14,0,26,No,No
Vienna,2015,Austria,grand-final,Ann Sophie,Black Smoke,Germany,17,0,27,No,No
Vienna,2015,Austria,grand-final,John Karayiannis,One Thing I Should Have Done,Cyprus,11,11,22,No,No
Vienna,2015,Austria,grand-final,Nadav Guedj,Golden Boy,Israel,3,97,9,No,No
Vienna,2015,Austria,grand-final,Monika Kuszyńska,In The Name Of Love,Poland,18,10,23,No,No
Vienna,2015,Austria,grand-final,Monika Linkytė and Vaidas Baumila,This Time,Lithuania,7,30,18,No,No
Vienna,2015,Austria,grand-final,Aminata,Love Injected,Latvia,19,186,6,No,No
Vienna,2015,Austria,grand-final,Maraaya,Here For You,Slovenia,1,39,14,No,No
Vienna,2015,Austria,grand-final,Elnur Huseynov,Hour Of The Wolf,Azerbaijan,24,49,12,No,No
Vienna,2015,Austria,grand-final,Mørland & Debrah Scarlett,A Monster Like Me,Norway,9,102,8,No,No
Copenhagen,2014,Denmark,first-semi-final,Suzy,Quero Ser Tua,Portugal,13,39,11,No,No
Copenhagen,2014,Denmark,first-semi-final,Cristina Scarlat,Wild Soul,Moldova,11,13,16,No,No
Copenhagen,2014,Denmark,first-semi-final,Axel Hirsoux,Mother,Belgium,10,28,14,No,No
Copenhagen,2014,Denmark,first-semi-final,Tanja,Amazing,Estonia,3,36,12,No,No
Copenhagen,2014,Denmark,first-semi-final,Aarzemnieki,Cake To Bake,Latvia,2,33,13,No,No
Copenhagen,2014,Denmark,first-semi-final,Hersi,One Night's Anger,Albania,6,22,15,No,No
Copenhagen,2014,Denmark,first-semi-final,The Common Linnets,Calm After The Storm,Netherlands,14,150,1,Yes,Yes
Copenhagen,2014,Denmark,first-semi-final,Mariya Yaremchuk,Tick - Tock,Ukraine,9,118,5,Yes,No
Copenhagen,2014,Denmark,first-semi-final,Valentina Monetta,Maybe (Forse),San Marino,12,40,10,Yes,No
Copenhagen,2014,Denmark,first-semi-final,Sergej Ćetković,Moj Svijet,Montenegro,15,63,7,Yes,No
Copenhagen,2014,Denmark,first-semi-final,András Kállay-Saunders,Running,Hungary,16,127,3,Yes,No
Copenhagen,2014,Denmark,first-semi-final,Aram MP3,Not Alone,Armenia,1,121,4,Yes,No
Copenhagen,2014,Denmark,first-semi-final,Dilara Kazimova,Start A Fire,Azerbaijan,8,57,9,Yes,No
Copenhagen,2014,Denmark,first-semi-final,Tolmachevy Sisters,Shine,Russia,7,63,6,Yes,No
Copenhagen,2014,Denmark,first-semi-final,Pollapönk,No Prejudice,Iceland,5,61,8,Yes,No
Copenhagen,2014,Denmark,first-semi-final,Sanna Nielsen,Undo,Sweden,4,131,2,Yes,No
Copenhagen,2014,Denmark,second-semi-final,Can-Linn (featuring Kasey Smith),Heartbeat,Ireland,9,35,12,No,No
Copenhagen,2014,Denmark,second-semi-final,Tijana,To the Sky,North Macedonia,11,33,13,No,No
Copenhagen,2014,Denmark,second-semi-final,Vilija Matačiūnaitė,Attention,Lithuania,7,36,11,No,No
Copenhagen,2014,Denmark,second-semi-final,The Shin and Mariko,Three Minutes to Earth,Georgia,4,15,15,No,No
Copenhagen,2014,Denmark,second-semi-final,Mei Finegold,Same Heart,Israel,2,19,14,No,No
Copenhagen,2014,Denmark,second-semi-final,Freaky Fortune feat. RiskyKidd,Rise Up,Greece,13,74,7,Yes,No
Copenhagen,2014,Denmark,second-semi-final,Sebalter,Hunter Of Stars,Switzerland,12,92,4,Yes,No
Copenhagen,2014,Denmark,second-semi-final,Teo,Cheesecake,Belarus,10,87,5,Yes,No
Copenhagen,2014,Denmark,second-semi-final,Tinkara Kovač,Round and round,Slovenia,14,52,10,Yes,No
Copenhagen,2014,Denmark,second-semi-final,Paula Seling & OVI,Miracle,Romania,15,125,2,Yes,No
Copenhagen,2014,Denmark,second-semi-final,Softengine,Something Better,Finland,8,97,3,Yes,No
Copenhagen,2014,Denmark,second-semi-final,Firelight,Coming Home,Malta,1,63,9,Yes,No
Copenhagen,2014,Denmark,second-semi-final,Donatan & Cleo,My Słowianie - We Are Slavic,Poland,5,70,8,Yes,No
Copenhagen,2014,Denmark,second-semi-final,Conchita Wurst,Rise Like a Phoenix,Austria,6,169,1,Yes,Yes
Copenhagen,2014,Denmark,second-semi-final,Carl Espen,Silent Storm,Norway,3,77,6,Yes,No
Copenhagen,2014,Denmark,grand-final,Molly,Children of the Universe,United Kingdom,26,40,17,No,No
Copenhagen,2014,Denmark,grand-final,Emma,La Mia Città,Italy,16,33,21,No,No
Copenhagen,2014,Denmark,grand-final,Elaiza,Is it right,Germany,12,39,18,No,No
Copenhagen,2014,Denmark,grand-final,Basim,Cliche Love Song,Denmark,23,74,9,No,No
Copenhagen,2014,Denmark,grand-final,TWIN TWIN,Moustache,France,14,2,26,No,No
Copenhagen,2014,Denmark,grand-final,Ruth Lorenzo,Dancing in the rain,Spain,19,74,10,No,No
Copenhagen,2014,Denmark,grand-final,The Common Linnets,Calm After The Storm,Netherlands,24,238,2,No,No
Copenhagen,2014,Denmark,grand-final,Mariya Yaremchuk,Tick - Tock,Ukraine,1,113,6,No,No
Copenhagen,2014,Denmark,grand-final,Valentina Monetta,Maybe (Forse),San Marino,25,14,24,No,No
Copenhagen,2014,Denmark,grand-final,Sergej Ćetković,Moj Svijet,Montenegro,8,37,19,No,No
Copenhagen,2014,Denmark,grand-final,András Kállay-Saunders,Running,Hungary,21,143,5,No,No
Copenhagen,2014,Denmark,grand-final,Aram MP3,Not Alone,Armenia,7,174,4,No,No
Copenhagen,2014,Denmark,grand-final,Dilara Kazimova,Start A Fire,Azerbaijan,3,33,22,No,No
Copenhagen,2014,Denmark,grand-final,Tolmachevy Sisters,Shine,Russia,15,89,7,No,No
Copenhagen,2014,Denmark,grand-final,Pollapönk,No Prejudice,Iceland,4,58,15,No,No
Copenhagen,2014,Denmark,grand-final,Sanna Nielsen,Undo,Sweden,13,218,3,No,No
Copenhagen,2014,Denmark,grand-final,Freaky Fortune feat. RiskyKidd,Rise Up,Greece,10,35,20,No,No
Copenhagen,2014,Denmark,grand-final,Sebalter,Hunter Of Stars,Switzerland,20,64,13,No,No
Copenhagen,2014,Denmark,grand-final,Teo,Cheesecake,Belarus,2,43,16,No,No
Copenhagen,2014,Denmark,grand-final,Tinkara Kovač,Round and round,Slovenia,17,9,25,No,No
Copenhagen,2014,Denmark,grand-final,Paula Seling & OVI,Miracle,Romania,6,72,12,No,No
Copenhagen,2014,Denmark,grand-final,Softengine,Something Better,Finland,18,72,11,No,No
Copenhagen,2014,Denmark,grand-final,Firelight,Coming Home,Malta,22,32,23,No,No
Copenhagen,2014,Denmark,grand-final,Donatan & Cleo,My Słowianie - We Are Slavic,Poland,9,62,14,No,No
Copenhagen,2014,Denmark,grand-final,Conchita Wurst,Rise Like a Phoenix,Austria,11,290,1,No,Yes
Copenhagen,2014,Denmark,grand-final,Carl Espen,Silent Storm,Norway,5,88,8,No,No
Malmö,2013,Sweden,first-semi-final,Moje 3,Ljubav Je Svuda,Serbia,16,46,11,No,No
Malmö,2013,Sweden,first-semi-final,Who See,Igranka,Montenegro,9,41,12,No,No
Malmö,2013,Sweden,first-semi-final,Hannah,Straight Into Love,Slovenia,3,8,16,No,No
Malmö,2013,Sweden,first-semi-final,Despina Olympiou,An Me Thimasai,Cyprus,14,11,15,No,No
Malmö,2013,Sweden,first-semi-final,Natália Kelly,Shine,Austria,1,27,14,No,No
Malmö,2013,Sweden,first-semi-final,Klapa s mora,Mižerja,Croatia,4,38,13,No,No
Malmö,2013,Sweden,first-semi-final,Anouk,Birds,Netherlands,8,75,6,Yes,No
Malmö,2013,Sweden,first-semi-final,Roberto Bellarosa,Love Kills,Belgium,15,75,5,Yes,No
Malmö,2013,Sweden,first-semi-final,Zlata Ognevich,Gravity,Ukraine,7,140,3,Yes,No
Malmö,2013,Sweden,first-semi-final,Dina Garipova,What If,Russia,6,156,2,Yes,No
Malmö,2013,Sweden,first-semi-final,Ryan Dolan,Only Love Survives,Ireland,13,54,8,Yes,No
Malmö,2013,Sweden,first-semi-final,Aliona Moon,O Mie,Moldova,12,95,4,Yes,No
Malmö,2013,Sweden,first-semi-final,Birgit,Et Uus Saaks Alguse,Estonia,2,52,10,Yes,No
Malmö,2013,Sweden,first-semi-final,Alyona Lanskaya,Solayoh,Belarus,11,64,7,Yes,No
Malmö,2013,Sweden,first-semi-final,Andrius Pojavis,Something,Lithuania,10,53,9,Yes,No
Malmö,2013,Sweden,first-semi-final,Emmelie de Forest,Only Teardrops,Denmark,5,167,1,Yes,Yes
Malmö,2013,Sweden,second-semi-final,"Elitsa Todorova, Stoyan Yankulov",Samo Shampioni (Only Champions),Bulgaria,7,45,12,No,No
Malmö,2013,Sweden,second-semi-final,Esma & Lozano,Pred Da Se Razdeni,North Macedonia,3,28,16,No,No
Malmö,2013,Sweden,second-semi-final,Valentina Monetta,Crisalide (Vola),San Marino,2,47,11,No,No
Malmö,2013,Sweden,second-semi-final,Takasa,You And Me,Switzerland,16,41,13,No,No
Malmö,2013,Sweden,second-semi-final,Adrian Lulgjuraj & Bledar Sejko,Identitet,Albania,14,31,15,No,No
Malmö,2013,Sweden,second-semi-final,PeR,Here We Go,Latvia,1,13,17,No,No
Malmö,2013,Sweden,second-semi-final,Moran Mazor,Rak Bishvilo,Israel,10,40,14,No,No
Malmö,2013,Sweden,second-semi-final,Dorians,Lonely Planet,Armenia,11,69,7,Yes,No
Malmö,2013,Sweden,second-semi-final,ByeAlex,Kedvesem (Zoohacker Remix),Hungary,12,66,8,Yes,No
Malmö,2013,Sweden,second-semi-final,Krista Siegfrids,Marry Me,Finland,5,64,9,Yes,No
Malmö,2013,Sweden,second-semi-final,Cezar,It's My Life,Romania,17,83,5,Yes,No
Malmö,2013,Sweden,second-semi-final,Nodi Tatishvili & Sophie Gelovani,Waterfall,Georgia,15,63,10,Yes,No
Malmö,2013,Sweden,second-semi-final,Farid Mammadov,Hold Me,Azerbaijan,4,139,1,Yes,Yes
Malmö,2013,Sweden,second-semi-final,Margaret Berger,I Feed You My Love,Norway,13,120,3,Yes,No
Malmö,2013,Sweden,second-semi-final,Gianluca,Tomorrow,Malta,6,118,4,Yes,No
Malmö,2013,Sweden,second-semi-final,Eythor Ingi,Ég Á Líf,Iceland,8,72,6,Yes,No
Malmö,2013,Sweden,second-semi-final,Koza Mostra feat. Agathon Iakovidis,Alcohol Is Free,Greece,9,121,2,Yes,No
Malmö,2013,Sweden,grand-final,Dorians,Lonely Planet,Armenia,12,41,18,No,No
Malmö,2013,Sweden,grand-final,Anouk,Birds,Netherlands,13,114,9,No,No
Malmö,2013,Sweden,grand-final,Roberto Bellarosa,Love Kills,Belgium,6,71,12,No,No
Malmö,2013,Sweden,grand-final,ByeAlex,Kedvesem (Zoohacker Remix),Hungary,17,84,10,No,No
Malmö,2013,Sweden,grand-final,Krista Siegfrids,Marry Me,Finland,4,13,24,No,No
Malmö,2013,Sweden,grand-final,Zlata Ognevich,Gravity,Ukraine,22,214,3,No,No
Malmö,2013,Sweden,grand-final,Dina Garipova,What If,Russia,10,174,5,No,No
Malmö,2013,Sweden,grand-final,Cezar,It's My Life,Romania,14,65,13,No,No
Malmö,2013,Sweden,grand-final,Nodi Tatishvili & Sophie Gelovani,Waterfall,Georgia,25,50,15,No,No
Malmö,2013,Sweden,grand-final,Farid Mammadov,Hold Me,Azerbaijan,20,234,2,No,No
Malmö,2013,Sweden,grand-final,Ryan Dolan,Only Love Survives,Ireland,26,5,26,No,No
Malmö,2013,Sweden,grand-final,Aliona Moon,O Mie,Moldova,3,71,11,No,No
Malmö,2013,Sweden,grand-final,Margaret Berger,I Feed You My Love,Norway,24,191,4,No,No
Malmö,2013,Sweden,grand-final,Birgit,Et Uus Saaks Alguse,Estonia,7,19,20,No,No
Malmö,2013,Sweden,grand-final,Alyona Lanskaya,Solayoh,Belarus,8,48,16,No,No
Malmö,2013,Sweden,grand-final,Gianluca,Tomorrow,Malta,9,120,8,No,No
Malmö,2013,Sweden,grand-final,Andrius Pojavis,Something,Lithuania,2,17,22,No,No
Malmö,2013,Sweden,grand-final,Eythor Ingi,Ég Á Líf,Iceland,19,47,17,No,No
Malmö,2013,Sweden,grand-final,Koza Mostra feat. Agathon Iakovidis,Alcohol Is Free,Greece,21,152,6,No,No
Malmö,2013,Sweden,grand-final,Emmelie de Forest,Only Teardrops,Denmark,18,281,1,No,Yes
Malmö,2013,Sweden,grand-final,ESDM,Contigo Hasta El Final (With You Until The End),Spain,5,8,25,No,No
Malmö,2013,Sweden,grand-final,Marco Mengoni,L'Essenziale,Italy,23,126,7,No,No
Malmö,2013,Sweden,grand-final,Bonnie Tyler,Believe In Me,United Kingdom,15,23,19,No,No
Malmö,2013,Sweden,grand-final,Robin Stjernberg,You,Sweden,16,62,14,No,No
Malmö,2013,Sweden,grand-final,Cascada,Glorious,Germany,11,18,21,No,No
Malmö,2013,Sweden,grand-final,Amandine Bourgeois,L'enfer Et Moi,France,1,14,23,No,No
Baku,2012,Azerbaijan,first-semi-final,Izabo,Time,Israel,10,33,13,No,No
Baku,2012,Azerbaijan,first-semi-final,Pernilla,När Jag Blundar,Finland,9,41,12,No,No
Baku,2012,Azerbaijan,first-semi-final,Sinplus,Unbreakable,Switzerland,7,45,11,No,No
Baku,2012,Azerbaijan,first-semi-final,Valentina Monetta,The Social Network Song (Oh Oh – Uh - Oh Oh),San Marino,11,31,14,No,No
Baku,2012,Azerbaijan,first-semi-final,Anmary,Beautiful Song,Latvia,4,17,16,No,No
Baku,2012,Azerbaijan,first-semi-final,Iris,Would You?,Belgium,8,16,17,No,No
Baku,2012,Azerbaijan,first-semi-final,Trackshittaz,Woki Mit Deim Popo,Austria,16,8,18,No,No
Baku,2012,Azerbaijan,first-semi-final,Rambo Amadeus,Euro Neuro,Montenegro,1,20,15,No,No
Baku,2012,Azerbaijan,first-semi-final,Compact Disco,Sound Of Our Hearts,Hungary,15,52,10,Yes,No
Baku,2012,Azerbaijan,first-semi-final,Jedward,Waterline,Ireland,18,92,6,Yes,No
Baku,2012,Azerbaijan,first-semi-final,Eleftheria Eleftheriou,Aphrodisiac,Greece,3,116,4,Yes,No
Baku,2012,Azerbaijan,first-semi-final,Buranovskiye Babushki,Party For Everybody,Russia,14,152,1,Yes,Yes
Baku,2012,Azerbaijan,first-semi-final,Soluna Samay,Should've Known Better,Denmark,13,63,9,Yes,No
Baku,2012,Azerbaijan,first-semi-final,Rona Nishliu,Suus,Albania,5,146,2,Yes,No
Baku,2012,Azerbaijan,first-semi-final,Mandinga,Zaleilah,Romania,6,120,3,Yes,No
Baku,2012,Azerbaijan,first-semi-final,Ivi Adamou,La La Love,Cyprus,12,91,7,Yes,No
Baku,2012,Azerbaijan,first-semi-final,Pasha Parfeny,Lăutar,Moldova,17,100,5,Yes,No
Baku,2012,Azerbaijan,first-semi-final,Greta Salóme & Jónsi,Never Forget,Iceland,2,75,8,Yes,No
Baku,2012,Azerbaijan,second-semi-final,Sofi Marinova,Love Unlimited,Bulgaria,8,45,11,No,No
Baku,2012,Azerbaijan,second-semi-final,Nina Badrić,Nebo,Croatia,10,42,12,No,No
Baku,2012,Azerbaijan,second-semi-final,Max Jason Mai,Don't Close Your Eyes,Slovakia,15,22,18,No,No
Baku,2012,Azerbaijan,second-semi-final,Litesound,We Are The Heroes,Belarus,5,35,16,No,No
Baku,2012,Azerbaijan,second-semi-final,Eva Boto,Verjamem,Slovenia,9,31,17,No,No
Baku,2012,Azerbaijan,second-semi-final,Filipa Sousa,Vida Minha,Portugal,6,39,13,No,No
Baku,2012,Azerbaijan,second-semi-final,Joan Franka,You And Me,Netherlands,3,35,15,No,No
Baku,2012,Azerbaijan,second-semi-final,Anri Jokhadze,I'm A Joker,Georgia,12,36,14,No,No
Baku,2012,Azerbaijan,second-semi-final,Maya Sar,Korake Ti Znam,Bosnia & Herzegovina,17,77,6,Yes,No
Baku,2012,Azerbaijan,second-semi-final,Donny Montell,Love Is Blind,Lithuania,18,104,3,Yes,No
Baku,2012,Azerbaijan,second-semi-final,Gaitana,Be My Guest,Ukraine,7,64,8,Yes,No
Baku,2012,Azerbaijan,second-semi-final,Tooji,Stay,Norway,16,45,10,Yes,No
Baku,2012,Azerbaijan,second-semi-final,Kurt Calleja,This Is The Night,Malta,4,70,7,Yes,No
Baku,2012,Azerbaijan,second-semi-final,Can Bonomo,Love Me Back,Turkey,13,80,5,Yes,No
Baku,2012,Azerbaijan,second-semi-final,Ott Lepland,Kuula,Estonia,14,100,4,Yes,No
Baku,2012,Azerbaijan,second-semi-final,Kaliopi,Crno I Belo,North Macedonia,2,53,9,Yes,No
Baku,2012,Azerbaijan,second-semi-final,Loreen,Euphoria,Sweden,11,181,1,Yes,Yes
Baku,2012,Azerbaijan,second-semi-final,Željko Joksimović,Nije Ljubav Stvar,Serbia,1,159,2,Yes,No
Baku,2012,Azerbaijan,grand-final,Anggun,Echo (You And I),France,9,21,22,No,No
Baku,2012,Azerbaijan,grand-final,Sabina Babayeva,When The Music Dies,Azerbaijan,13,150,4,No,No
Baku,2012,Azerbaijan,grand-final,Engelbert Humperdinck,Love Will Set You Free,United Kingdom,1,12,25,No,No
Baku,2012,Azerbaijan,grand-final,Nina Zilli,L'Amore È Femmina  (Out Of Love),Italy,10,101,9,No,No
Baku,2012,Azerbaijan,grand-final,Pastora Soler,Quédate Conmigo (Stay With Me),Spain,19,97,10,No,No
Baku,2012,Azerbaijan,grand-final,Roman Lob,Standing Still,Germany,20,110,8,No,No
Baku,2012,Azerbaijan,grand-final,Maya Sar,Korake Ti Znam,Bosnia & Herzegovina,5,55,18,No,No
Baku,2012,Azerbaijan,grand-final,Donny Montell,Love Is Blind,Lithuania,4,70,14,No,No
Baku,2012,Azerbaijan,grand-final,Gaitana,Be My Guest,Ukraine,25,65,15,No,No
Baku,2012,Azerbaijan,grand-final,Tooji,Stay,Norway,12,7,26,No,No
Baku,2012,Azerbaijan,grand-final,Kurt Calleja,This Is The Night,Malta,21,41,21,No,No
Baku,2012,Azerbaijan,grand-final,Can Bonomo,Love Me Back,Turkey,18,112,7,No,No
Baku,2012,Azerbaijan,grand-final,Ott Lepland,Kuula,Estonia,11,120,6,No,No
Baku,2012,Azerbaijan,grand-final,Kaliopi,Crno I Belo,North Macedonia,22,71,13,No,No
Baku,2012,Azerbaijan,grand-final,Loreen,Euphoria,Sweden,17,372,1,No,Yes
Baku,2012,Azerbaijan,grand-final,Željko Joksimović,Nije Ljubav Stvar,Serbia,24,214,3,No,No
Baku,2012,Azerbaijan,grand-final,Compact Disco,Sound Of Our Hearts,Hungary,2,19,24,No,No
Baku,2012,Azerbaijan,grand-final,Jedward,Waterline,Ireland,23,46,19,No,No
Baku,2012,Azerbaijan,grand-final,Eleftheria Eleftheriou,Aphrodisiac,Greece,16,64,17,No,No
Baku,2012,Azerbaijan,grand-final,Buranovskiye Babushki,Party For Everybody,Russia,6,259,2,No,No
Baku,2012,Azerbaijan,grand-final,Soluna Samay,Should've Known Better,Denmark,15,21,23,No,No
Baku,2012,Azerbaijan,grand-final,Rona Nishliu,Suus,Albania,3,146,5,No,No
Baku,2012,Azerbaijan,grand-final,Mandinga,Zaleilah,Romania,14,71,12,No,No
Baku,2012,Azerbaijan,grand-final,Ivi Adamou,La La Love,Cyprus,8,65,16,No,No
Baku,2012,Azerbaijan,grand-final,Pasha Parfeny,Lăutar,Moldova,26,81,11,No,No
Baku,2012,Azerbaijan,grand-final,Greta Salóme & Jónsi,Never Forget,Iceland,7,46,20,No,No
Düsseldorf,2011,Germany,first-semi-final,Aurela Gaçe,Feel The Passion,Albania,3,47,14,No,No
Düsseldorf,2011,Germany,first-semi-final,Magdalena Tul,Jestem,Poland,1,18,19,No,No
Düsseldorf,2011,Germany,first-semi-final,Glen Vella,One Life,Malta,11,54,11,No,No
Düsseldorf,2011,Germany,first-semi-final,Homens Da Luta,Luta É Alegria,Portugal,16,22,18,No,No
Düsseldorf,2011,Germany,first-semi-final,Senit,Stand By,San Marino,12,34,16,No,No
Düsseldorf,2011,Germany,first-semi-final,Emmy,Boom Boom,Armenia,4,54,12,No,No
Düsseldorf,2011,Germany,first-semi-final,Stella Mwangi,Haba Haba,Norway,2,30,17,No,No
Düsseldorf,2011,Germany,first-semi-final,Yüksek Sadakat,Live It Up,Turkey,5,47,13,No,No
Düsseldorf,2011,Germany,first-semi-final,Daria,Celebrate,Croatia,13,41,15,No,No
Düsseldorf,2011,Germany,first-semi-final,Paradise Oskar,Da Da Dam,Finland,10,103,3,Yes,No
Düsseldorf,2011,Germany,first-semi-final,Eldrine,One More Day,Georgia,9,74,6,Yes,No
Düsseldorf,2011,Germany,first-semi-final,Loucas Yiorkas feat. Stereo Mike,Watch My Dance,Greece,19,133,1,Yes,Yes
Düsseldorf,2011,Germany,first-semi-final,Sjonni's Friends,Coming Home,Iceland,14,100,4,Yes,No
Düsseldorf,2011,Germany,first-semi-final,Alexej Vorobjov,Get You,Russia,7,64,9,Yes,No
Düsseldorf,2011,Germany,first-semi-final,Nina,Čaroban,Serbia,6,67,8,Yes,No
Düsseldorf,2011,Germany,first-semi-final,Anna Rossinelli,In Love For A While,Switzerland,8,55,10,Yes,No
Düsseldorf,2011,Germany,first-semi-final,Ell/Nikki,Running Scared,Azerbaijan,18,122,2,Yes,No
Düsseldorf,2011,Germany,first-semi-final,Kati Wolf,What About My Dreams?,Hungary,15,72,7,Yes,No
Düsseldorf,2011,Germany,first-semi-final,Evelina Sašenko,C'est Ma Vie,Lithuania,17,81,5,Yes,No
Düsseldorf,2011,Germany,second-semi-final,Witloof Bay,With Love Baby,Belgium,4,53,11,No,No
Düsseldorf,2011,Germany,second-semi-final,Christos Mylordos,San Aggelos S’Agapisa,Cyprus,9,16,18,No,No
Düsseldorf,2011,Germany,second-semi-final,TWiiNS,I'm Still Alive,Slovakia,5,48,13,No,No
Düsseldorf,2011,Germany,second-semi-final,3JS,Never Alone,Netherlands,3,13,19,No,No
Düsseldorf,2011,Germany,second-semi-final,Anastasiya Vinnikova,I Love Belarus,Belarus,16,45,14,No,No
Düsseldorf,2011,Germany,second-semi-final,Poli Genova,Na Inat,Bulgaria,10,48,12,No,No
Düsseldorf,2011,Germany,second-semi-final,Vlatko Ilievski,Rusinka,North Macedonia,11,36,16,No,No
Düsseldorf,2011,Germany,second-semi-final,Dana International,Ding Dong,Israel,12,38,15,No,No
Düsseldorf,2011,Germany,second-semi-final,Musiqq,Angel In Disguise,Latvia,17,25,17,No,No
Düsseldorf,2011,Germany,second-semi-final,Nadine Beiler,The Secret Is Love,Austria,2,69,7,Yes,No
Düsseldorf,2011,Germany,second-semi-final,Dino Merlin,Love In Rewind,Bosnia & Herzegovina,1,109,5,Yes,No
Düsseldorf,2011,Germany,second-semi-final,Zdob și Zdub,So Lucky,Moldova,7,54,10,Yes,No
Düsseldorf,2011,Germany,second-semi-final,Eric Saade,Popular,Sweden,8,155,1,Yes,Yes
Düsseldorf,2011,Germany,second-semi-final,Mika Newton,Angel,Ukraine,6,81,6,Yes,No
Düsseldorf,2011,Germany,second-semi-final,A Friend In London,New Tomorrow,Denmark,18,135,2,Yes,No
Düsseldorf,2011,Germany,second-semi-final,Getter Jaani,Rockefeller Street,Estonia,15,60,9,Yes,No
Düsseldorf,2011,Germany,second-semi-final,Jedward,Lipstick,Ireland,19,68,8,Yes,No
Düsseldorf,2011,Germany,second-semi-final,Hotel FM,Change,Romania,14,111,4,Yes,No
Düsseldorf,2011,Germany,second-semi-final,Maja Keuc,No One,Slovenia,13,112,3,Yes,No
Düsseldorf,2011,Germany,grand-final,Lucía Pérez,Que Me Quiten Lo Bailao  -  They Can't Take The Fun Away From Me,Spain,22,50,23,No,No
Düsseldorf,2011,Germany,grand-final,Amaury Vassili,Sognu,France,11,82,15,No,No
Düsseldorf,2011,Germany,grand-final,Blue,I Can,United Kingdom,14,100,11,No,No
Düsseldorf,2011,Germany,grand-final,Raphael Gualazzi,Madness Of Love,Italy,12,189,2,No,No
Düsseldorf,2011,Germany,grand-final,Lena,Taken By A Stranger,Germany,16,107,10,No,No
Düsseldorf,2011,Germany,grand-final,Nadine Beiler,The Secret Is Love,Austria,18,64,18,No,No
Düsseldorf,2011,Germany,grand-final,Dino Merlin,Love In Rewind,Bosnia & Herzegovina,2,125,6,No,No
Düsseldorf,2011,Germany,grand-final,Zdob și Zdub,So Lucky,Moldova,15,97,12,No,No
Düsseldorf,2011,Germany,grand-final,Eric Saade,Popular,Sweden,7,185,3,No,No
Düsseldorf,2011,Germany,grand-final,Mika Newton,Angel,Ukraine,23,159,4,No,No
Düsseldorf,2011,Germany,grand-final,A Friend In London,New Tomorrow,Denmark,3,134,5,No,No
Düsseldorf,2011,Germany,grand-final,Getter Jaani,Rockefeller Street,Estonia,8,44,24,No,No
Düsseldorf,2011,Germany,grand-final,Jedward,Lipstick,Ireland,6,119,8,No,No
Düsseldorf,2011,Germany,grand-final,Hotel FM,Change,Romania,17,77,17,No,No
Düsseldorf,2011,Germany,grand-final,Maja Keuc,No One,Slovenia,20,96,13,No,No
Düsseldorf,2011,Germany,grand-final,Paradise Oskar,Da Da Dam,Finland,1,57,21,No,No
Düsseldorf,2011,Germany,grand-final,Eldrine,One More Day,Georgia,25,110,9,No,No
Düsseldorf,2011,Germany,grand-final,Loucas Yiorkas feat. Stereo Mike,Watch My Dance,Greece,9,120,7,No,No
Düsseldorf,2011,Germany,grand-final,Sjonni's Friends,Coming Home,Iceland,21,61,20,No,No
Düsseldorf,2011,Germany,grand-final,Alexej Vorobjov,Get You,Russia,10,77,16,No,No
Düsseldorf,2011,Germany,grand-final,Nina,Čaroban,Serbia,24,85,14,No,No
Düsseldorf,2011,Germany,grand-final,Anna Rossinelli,In Love For A While,Switzerland,13,19,25,No,No
Düsseldorf,2011,Germany,grand-final,Ell/Nikki,Running Scared,Azerbaijan,19,221,1,No,Yes
Düsseldorf,2011,Germany,grand-final,Kati Wolf,What About My Dreams?,Hungary,5,53,22,No,No
Düsseldorf,2011,Germany,grand-final,Evelina Sašenko,C'est Ma Vie,Lithuania,4,63,19,No,No
Oslo,2010,Norway,first-semi-final,Malcolm Lincoln,Siren,Estonia,3,39,14,No,No
Oslo,2010,Norway,first-semi-final,Marcin Mroziński,Legenda,Poland,9,44,13,No,No
Oslo,2010,Norway,first-semi-final,Aisha,What For?,Latvia,6,11,17,No,No
Oslo,2010,Norway,first-semi-final,Gjoko Taneski,Jas Ja Imam Silata,North Macedonia,15,37,15,No,No
Oslo,2010,Norway,first-semi-final,Thea Garrett,My Dream,Malta,11,45,12,No,No
Oslo,2010,Norway,first-semi-final,Kristina Pelakova,Horehronie,Slovakia,4,24,16,No,No
Oslo,2010,Norway,first-semi-final,Kuunkuiskaajat,Työlki Ellää,Finland,5,49,11,No,No
Oslo,2010,Norway,first-semi-final,Juliana Pasha,It's All About You,Albania,12,76,6,Yes,No
Oslo,2010,Norway,first-semi-final,Tom Dice,Me And My Guitar,Belgium,10,167,1,Yes,Yes
Oslo,2010,Norway,first-semi-final,3+2,Butterflies,Belarus,16,59,9,Yes,No
Oslo,2010,Norway,first-semi-final,Filipa Azevedo,Há Dias Assim,Portugal,14,89,4,Yes,No
Oslo,2010,Norway,first-semi-final,Sunstroke Project & Olia Tira,Run Away,Moldova,1,52,10,Yes,No
Oslo,2010,Norway,first-semi-final,Hera Björk,Je Ne Sais Quoi,Iceland,17,123,3,Yes,No
Oslo,2010,Norway,first-semi-final,Vukašin Brajić,Thunder And Lightning,Bosnia & Herzegovina,8,59,8,Yes,No
Oslo,2010,Norway,first-semi-final,Giorgos Alkaios & Friends,OPA,Greece,13,133,2,Yes,No
Oslo,2010,Norway,first-semi-final,Peter Nalitch & Friends,Lost And Forgotten,Russia,2,74,7,Yes,No
Oslo,2010,Norway,first-semi-final,Milan Stanković,Ovo Je Balkan,Serbia,7,79,5,Yes,No
Oslo,2010,Norway,second-semi-final,Feminnem,Lako Je Sve,Croatia,15,33,13,No,No
Oslo,2010,Norway,second-semi-final,Miro,Angel Si Ti,Bulgaria,13,19,15,No,No
Oslo,2010,Norway,second-semi-final,Sieneke,Ik Ben Verliefd (Sha-la-lie),Netherlands,9,29,14,No,No
Oslo,2010,Norway,second-semi-final,Anna Bergendahl,This Is My Life,Sweden,6,62,11,No,No
Oslo,2010,Norway,second-semi-final,Ansambel Žlindra & Kalamari,Narodnozabavni Rock,Slovenia,11,6,16,No,No
Oslo,2010,Norway,second-semi-final,InCulto,Eastern European Funk,Lithuania,1,44,12,No,No
Oslo,2010,Norway,second-semi-final,Michael von der Heide,Il Pleut de L'Or,Switzerland,5,2,17,No,No
Oslo,2010,Norway,second-semi-final,Eva Rivas,Apricot Stone,Armenia,2,83,6,Yes,No
Oslo,2010,Norway,second-semi-final,Harel Skaat,Milim,Israel,3,71,8,Yes,No
Oslo,2010,Norway,second-semi-final,Paula Seling & Ovi,Playing With Fire,Romania,10,104,4,Yes,No
Oslo,2010,Norway,second-semi-final,Jon Lilygreen & The Islanders,Life Looks Better In Spring,Cyprus,14,67,10,Yes,No
Oslo,2010,Norway,second-semi-final,Safura,Drip Drop,Azerbaijan,7,113,2,Yes,No
Oslo,2010,Norway,second-semi-final,Chanée & N'evergreen,In A Moment Like This,Denmark,4,101,5,Yes,No
Oslo,2010,Norway,second-semi-final,Alyosha,Sweet People,Ukraine,8,77,7,Yes,No
Oslo,2010,Norway,second-semi-final,Niamh Kavanagh,It's For You,Ireland,12,67,9,Yes,No
Oslo,2010,Norway,second-semi-final,maNga,We Could Be The Same,Turkey,17,118,1,Yes,Yes
Oslo,2010,Norway,second-semi-final,Sofia Nizharadze,Shine,Georgia,16,106,3,Yes,No
Oslo,2010,Norway,grand-final,Eva Rivas,Apricot Stone,Armenia,21,141,7,No,No
Oslo,2010,Norway,grand-final,Harel Skaat,Milim,Israel,24,71,14,No,No
Oslo,2010,Norway,grand-final,Paula Seling & Ovi,Playing With Fire,Romania,19,162,3,No,No
Oslo,2010,Norway,grand-final,Jon Lilygreen & The Islanders,Life Looks Better In Spring,Cyprus,5,27,21,No,No
Oslo,2010,Norway,grand-final,Safura,Drip Drop,Azerbaijan,1,145,5,No,No
Oslo,2010,Norway,grand-final,Chanée & N'evergreen,In A Moment Like This,Denmark,25,149,4,No,No
Oslo,2010,Norway,grand-final,Alyosha,Sweet People,Ukraine,17,108,10,No,No
Oslo,2010,Norway,grand-final,Niamh Kavanagh,It's For You,Ireland,10,25,23,No,No
Oslo,2010,Norway,grand-final,maNga,We Could Be The Same,Turkey,14,170,2,No,No
Oslo,2010,Norway,grand-final,Sofia Nizharadze,Shine,Georgia,13,136,9,No,No
Oslo,2010,Norway,grand-final,Juliana Pasha,It's All About You,Albania,15,62,16,No,No
Oslo,2010,Norway,grand-final,Tom Dice,Me And My Guitar,Belgium,7,143,6,No,No
Oslo,2010,Norway,grand-final,3+2,Butterflies,Belarus,9,18,24,No,No
Oslo,2010,Norway,grand-final,Filipa Azevedo,Há Dias Assim,Portugal,23,43,18,No,No
Oslo,2010,Norway,grand-final,Sunstroke Project & Olia Tira,Run Away,Moldova,4,27,22,No,No
Oslo,2010,Norway,grand-final,Hera Björk,Je Ne Sais Quoi,Iceland,16,41,19,No,No
Oslo,2010,Norway,grand-final,Vukašin Brajić,Thunder And Lightning,Bosnia & Herzegovina,6,51,17,No,No
Oslo,2010,Norway,grand-final,Giorgos Alkaios & Friends,OPA,Greece,11,140,8,No,No
Oslo,2010,Norway,grand-final,Peter Nalitch & Friends,Lost And Forgotten,Russia,20,90,11,No,No
Oslo,2010,Norway,grand-final,Milan Stanković,Ovo Je Balkan,Serbia,8,72,13,No,No
Oslo,2010,Norway,grand-final,Josh,That Sounds Good To Me,United Kingdom,12,10,25,No,No
Oslo,2010,Norway,grand-final,Jessy Matador,Allez Ola Olé,France,18,82,12,No,No
Oslo,2010,Norway,grand-final,Daniel Diges,Algo Pequeñito (Something Tiny),Spain,2,68,15,No,No
Oslo,2010,Norway,grand-final,Lena,Satellite,Germany,22,246,1,No,Yes
Oslo,2010,Norway,grand-final,Didrik Solli-Tangen,My Heart Is Yours,Norway,3,35,20,No,No
Moscow,2009,Russia,first-semi-final,Petr Elfimov,Eyes That Never Lie,Belarus,4,25,13,No,No
Moscow,2009,Russia,first-semi-final,Next Time,Neshto Shto Ke Ostane,North Macedonia,13,45,10,No,No
Moscow,2009,Russia,first-semi-final,Lovebugs,The Highest Heights,Switzerland,8,15,14,No,No
Moscow,2009,Russia,first-semi-final,Krassimir Avramov,Illusion,Bulgaria,11,7,16,No,No
Moscow,2009,Russia,first-semi-final,Andrea Demirovic,Just Get Out of My Life,Montenegro,1,44,11,No,No
Moscow,2009,Russia,first-semi-final,Gipsy.cz,Aven Romale,Czech Republic,2,0,18,No,No
Moscow,2009,Russia,first-semi-final,Susanne Georgi,La Teva Decisió (Get A Life),Andorra,7,8,15,No,No
Moscow,2009,Russia,first-semi-final,Copycat,Copycat,Belgium,3,1,17,No,No
Moscow,2009,Russia,first-semi-final,Inga & Anush,Jan Jan,Armenia,6,99,5,Yes,No
Moscow,2009,Russia,first-semi-final,Chiara,What If We,Malta,17,86,6,Yes,No
Moscow,2009,Russia,first-semi-final,Elena,The Balkan Girls,Romania,14,67,9,Yes,No
Moscow,2009,Russia,first-semi-final,Hadise,Düm Tek Tek,Turkey,9,172,2,Yes,No
Moscow,2009,Russia,first-semi-final,Waldo's People,Lose Control,Finland,15,42,12,Yes,No
Moscow,2009,Russia,first-semi-final,Flor-de-lis,Todas As Ruas Do Amor,Portugal,16,70,8,Yes,No
Moscow,2009,Russia,first-semi-final,Yohanna,Is It True?,Iceland,12,174,1,Yes,Yes
Moscow,2009,Russia,first-semi-final,Noa & Mira Awad,There Must Be Another Way,Israel,10,75,7,Yes,No
Moscow,2009,Russia,first-semi-final,Regina,Bistra Voda,Bosnia & Herzegovina,18,125,3,Yes,No
Moscow,2009,Russia,first-semi-final,Malena Ernman,La Voix,Sweden,5,105,4,Yes,No
Moscow,2009,Russia,second-semi-final,Kamil Mikulčík & Nela Pocisková,Leť Tmou,Slovakia,8,8,18,No,No
Moscow,2009,Russia,second-semi-final,Sinéad Mulvey & Black Daisy,Et Cetera,Ireland,2,52,11,No,No
Moscow,2009,Russia,second-semi-final,Christina Metaxa,Firefly,Cyprus,7,32,14,No,No
Moscow,2009,Russia,second-semi-final,Lidia Kopania,I Don't Wanna Leave,Poland,5,43,12,No,No
Moscow,2009,Russia,second-semi-final,Marko Kon & Milaan,Cipela,Serbia,4,60,10,No,No
Moscow,2009,Russia,second-semi-final,Zoli Ádok,Dance With Me,Hungary,11,16,15,No,No
Moscow,2009,Russia,second-semi-final,Intars Busulis,Probka,Latvia,3,7,19,No,No
Moscow,2009,Russia,second-semi-final,The Toppers,Shine,Netherlands,19,11,17,No,No
Moscow,2009,Russia,second-semi-final,Quartissimo feat. Martina,Love Symphony,Slovenia,10,14,16,No,No
Moscow,2009,Russia,second-semi-final,Kejsi Tola,Carry Me In Your Dreams,Albania,16,73,7,Yes,No
Moscow,2009,Russia,second-semi-final,Nelly Ciobanu,Hora Din Moldova,Moldova,15,106,5,Yes,No
Moscow,2009,Russia,second-semi-final,Urban Symphony,Rändajad,Estonia,18,115,3,Yes,No
Moscow,2009,Russia,second-semi-final,Igor Cukrov feat. Andrea,Lijepa Tena,Croatia,1,33,13,Yes,No
Moscow,2009,Russia,second-semi-final,Sasha Son,Love,Lithuania,14,66,9,Yes,No
Moscow,2009,Russia,second-semi-final,Sakis Rouvas,This Is Our Night,Greece,13,110,4,Yes,No
Moscow,2009,Russia,second-semi-final,Svetlana Loboda,Be my Valentine! (Anti-crisis Girl),Ukraine,17,80,6,Yes,No
Moscow,2009,Russia,second-semi-final,Alexander Rybak,Fairytale,Norway,6,201,1,Yes,Yes
Moscow,2009,Russia,second-semi-final,AySel & Arash,Always,Azerbaijan,12,180,2,Yes,No
Moscow,2009,Russia,second-semi-final,Brinck,Believe Again,Denmark,9,69,8,Yes,No
Moscow,2009,Russia,grand-final,Patricia Kaas,Et S'il Fallait Le Faire,France,3,107,8,No,No
Moscow,2009,Russia,grand-final,Alex Swings Oscar Sings!,Miss Kiss Kiss Bang,Germany,17,35,20,No,No
Moscow,2009,Russia,grand-final,Jade Ewen,It's My Time,United Kingdom,23,173,5,No,No
Moscow,2009,Russia,grand-final,Soraya,La Noche Es Para Mí (The Night Is For Me),Spain,25,23,24,No,No
Moscow,2009,Russia,grand-final,Anastasia Prikhodko,Mamo,Russia,10,91,11,No,No
Moscow,2009,Russia,grand-final,Kejsi Tola,Carry Me In Your Dreams,Albania,19,48,17,No,No
Moscow,2009,Russia,grand-final,Nelly Ciobanu,Hora Din Moldova,Moldova,13,69,14,No,No
Moscow,2009,Russia,grand-final,Urban Symphony,Rändajad,Estonia,15,129,6,No,No
Moscow,2009,Russia,grand-final,Igor Cukrov feat. Andrea,Lijepa Tena,Croatia,5,45,18,No,No
Moscow,2009,Russia,grand-final,Sasha Son,Love,Lithuania,1,23,23,No,No
Moscow,2009,Russia,grand-final,Sakis Rouvas,This Is Our Night,Greece,8,120,7,No,No
Moscow,2009,Russia,grand-final,Svetlana Loboda,Be my Valentine! (Anti-crisis Girl),Ukraine,21,76,12,No,No
Moscow,2009,Russia,grand-final,Alexander Rybak,Fairytale,Norway,20,387,1,No,Yes
Moscow,2009,Russia,grand-final,AySel & Arash,Always,Azerbaijan,11,207,3,No,No
Moscow,2009,Russia,grand-final,Brinck,Believe Again,Denmark,16,74,13,No,No
Moscow,2009,Russia,grand-final,Inga & Anush,Jan Jan,Armenia,9,92,10,No,No
Moscow,2009,Russia,grand-final,Chiara,What If We,Malta,14,31,22,No,No
Moscow,2009,Russia,grand-final,Elena,The Balkan Girls,Romania,22,40,19,No,No
Moscow,2009,Russia,grand-final,Hadise,Düm Tek Tek,Turkey,18,177,4,No,No
Moscow,2009,Russia,grand-final,Waldo's People,Lose Control,Finland,24,22,25,No,No
Moscow,2009,Russia,grand-final,Flor-de-lis,Todas As Ruas Do Amor,Portugal,6,57,15,No,No
Moscow,2009,Russia,grand-final,Yohanna,Is It True?,Iceland,7,218,2,No,No
Moscow,2009,Russia,grand-final,Noa & Mira Awad,There Must Be Another Way,Israel,2,53,16,No,No
Moscow,2009,Russia,grand-final,Regina,Bistra Voda,Bosnia & Herzegovina,12,106,9,No,No
Moscow,2009,Russia,grand-final,Malena Ernman,La Voix,Sweden,4,33,21,No,No
Belgrade,2008,Serbia,first-semi-final,Gisela,Casanova,Andorra,12,22,16,No,No
Belgrade,2008,Serbia,first-semi-final,Ishtar,O Julissi,Belgium,6,16,17,No,No
Belgrade,2008,Serbia,first-semi-final,Rebeka Dremelj,Vrag Naj Vzame,Slovenia,8,36,11,No,No
Belgrade,2008,Serbia,first-semi-final,Miodio,Complice,San Marino,5,5,19,No,No
Belgrade,2008,Serbia,first-semi-final,Geta Burlacu,A Century Of Love,Moldova,4,36,12,No,No
Belgrade,2008,Serbia,first-semi-final,Hind,Your Heart Belongs To Me,Netherlands,15,27,13,No,No
Belgrade,2008,Serbia,first-semi-final,Kreisiraadio,Leto Svet,Estonia,3,8,18,No,No
Belgrade,2008,Serbia,first-semi-final,Dustin the Turkey,Irelande Douze Pointe,Ireland,11,22,15,No,No
Belgrade,2008,Serbia,first-semi-final,Stefan Filipović,Zauvijek Volim Te,Montenegro,1,23,14,No,No
Belgrade,2008,Serbia,first-semi-final,Dima Bilan,Believe,Russia,18,135,3,Yes,No
Belgrade,2008,Serbia,first-semi-final,Elnur & Samir,Day After Day,Azerbaijan,7,96,6,Yes,No
Belgrade,2008,Serbia,first-semi-final,Sirusho,"Qele, Qele",Armenia,14,139,2,Yes,No
Belgrade,2008,Serbia,first-semi-final,Maria,Hold On Be Strong,Norway,9,106,4,Yes,No
Belgrade,2008,Serbia,first-semi-final,Nico & Vlad,Pe-o Margine De Lume,Romania,17,94,7,Yes,No
Belgrade,2008,Serbia,first-semi-final,Laka,Pokušaj,Bosnia & Herzegovina,13,72,9,Yes,No
Belgrade,2008,Serbia,first-semi-final,Isis Gee,For Life,Poland,10,42,10,Yes,No
Belgrade,2008,Serbia,first-semi-final,Boaz,The Fire In Your Eyes,Israel,2,104,5,Yes,No
Belgrade,2008,Serbia,first-semi-final,Kalomira,Secret Combination,Greece,19,156,1,Yes,Yes
Belgrade,2008,Serbia,first-semi-final,Teräsbetoni,Missä Miehet Ratsastaa,Finland,16,79,8,Yes,No
Belgrade,2008,Serbia,second-semi-final,Morena,Vodka,Malta,16,38,14,No,No
Belgrade,2008,Serbia,second-semi-final,Tereza Kerndlová,Have Some Fun,Czech Republic,8,9,18,No,No
Belgrade,2008,Serbia,second-semi-final,Jeronimas Milius,Nomads In The Night,Lithuania,5,30,16,No,No
Belgrade,2008,Serbia,second-semi-final,Csézy,Candlelight,Hungary,15,6,19,No,No
Belgrade,2008,Serbia,second-semi-final,Ruslan Alehno,Hasta La Vista,Belarus,9,27,17,No,No
Belgrade,2008,Serbia,second-semi-final,Evdokia Kadi,Femme Fatale,Cyprus,17,36,15,No,No
Belgrade,2008,Serbia,second-semi-final,"Tamara, Vrčak & Adrijan",Let Me Love You,North Macedonia,18,64,11,No,No
Belgrade,2008,Serbia,second-semi-final,Paolo Meneguzzi,Era Stupendo,Switzerland,7,47,13,No,No
Belgrade,2008,Serbia,second-semi-final,Deep Zone & Balthazar,"DJ, Take Me Away",Bulgaria,12,56,12,No,No
Belgrade,2008,Serbia,second-semi-final,Diana Gurtskaya,Peace Will Come,Georgia,14,107,5,Yes,No
Belgrade,2008,Serbia,second-semi-final,Mor ve Ötesi,Deli,Turkey,3,85,7,Yes,No
Belgrade,2008,Serbia,second-semi-final,Charlotte Perrelli,Hero,Sweden,2,54,10,Yes,No
Belgrade,2008,Serbia,second-semi-final,Olta Boka,Zemrën E Lamë Peng,Albania,6,67,9,Yes,No
Belgrade,2008,Serbia,second-semi-final,Pirates Of The Sea,Wolves Of The Sea,Latvia,10,86,6,Yes,No
Belgrade,2008,Serbia,second-semi-final,Euroband,This Is My Life,Iceland,1,68,8,Yes,No
Belgrade,2008,Serbia,second-semi-final,Ani Lorak,Shady Lady,Ukraine,4,152,1,Yes,Yes
Belgrade,2008,Serbia,second-semi-final,Vânia Fernandes,Senhora Do Mar (Negras Águas),Portugal,19,120,2,Yes,No
Belgrade,2008,Serbia,second-semi-final,Simon Mathew,All Night Long,Denmark,13,112,3,Yes,No
Belgrade,2008,Serbia,second-semi-final,Kraljevi Ulice & 75 Cents,Romanca,Croatia,11,112,4,Yes,No
Belgrade,2008,Serbia,grand-final,Diana Gurtskaya,Peace Will Come,Georgia,17,83,11,No,No
Belgrade,2008,Serbia,grand-final,Mor ve Ötesi,Deli,Turkey,12,138,7,No,No
Belgrade,2008,Serbia,grand-final,Charlotte Perrelli,Hero,Sweden,15,47,18,No,No
Belgrade,2008,Serbia,grand-final,Olta Boka,Zemrën E Lamë Peng,Albania,3,55,17,No,No
Belgrade,2008,Serbia,grand-final,Pirates Of The Sea,Wolves Of The Sea,Latvia,14,83,12,No,No
Belgrade,2008,Serbia,grand-final,Euroband,This Is My Life,Iceland,11,64,14,No,No
Belgrade,2008,Serbia,grand-final,Ani Lorak,Shady Lady,Ukraine,18,230,2,No,No
Belgrade,2008,Serbia,grand-final,Vânia Fernandes,Senhora Do Mar (Negras Águas),Portugal,13,69,13,No,No
Belgrade,2008,Serbia,grand-final,Simon Mathew,All Night Long,Denmark,16,60,15,No,No
Belgrade,2008,Serbia,grand-final,Kraljevi Ulice & 75 Cents,Romanca,Croatia,9,44,21,No,No
Belgrade,2008,Serbia,grand-final,Andy Abraham,Even If,United Kingdom,2,14,25,No,No
Belgrade,2008,Serbia,grand-final,Rodolfo Chikilicuatre,Baila El Chiki Chiki,Spain,22,55,16,No,No
Belgrade,2008,Serbia,grand-final,Jelena Tomašević feat. Bora Dugic,Oro,Serbia,23,160,6,No,No
Belgrade,2008,Serbia,grand-final,No Angels,Disappear,Germany,4,14,23,No,No
Belgrade,2008,Serbia,grand-final,Sébastien Tellier,Divine,France,19,47,19,No,No
Belgrade,2008,Serbia,grand-final,Dima Bilan,Believe,Russia,24,272,1,No,Yes
Belgrade,2008,Serbia,grand-final,Elnur & Samir,Day After Day,Azerbaijan,20,132,8,No,No
Belgrade,2008,Serbia,grand-final,Sirusho,"Qele, Qele",Armenia,5,199,4,No,No
Belgrade,2008,Serbia,grand-final,Maria,Hold On Be Strong,Norway,25,182,5,No,No
Belgrade,2008,Serbia,grand-final,Nico & Vlad,Pe-o Margine De Lume,Romania,1,45,20,No,No
Belgrade,2008,Serbia,grand-final,Laka,Pokušaj,Bosnia & Herzegovina,6,110,10,No,No
Belgrade,2008,Serbia,grand-final,Isis Gee,For Life,Poland,10,14,24,No,No
Belgrade,2008,Serbia,grand-final,Boaz,The Fire In Your Eyes,Israel,7,124,9,No,No
Belgrade,2008,Serbia,grand-final,Kalomira,Secret Combination,Greece,21,218,3,No,No
Belgrade,2008,Serbia,grand-final,Teräsbetoni,Missä Miehet Ratsastaa,Finland,8,35,22,No,No
